,id_turma,discente,unidade,nota,media_final,descricao,numero_total_faltas,disciplina,semestre
0,51700,777b47442f1c17f1217e165d5330c6c9,1,9.9,9.7,APROVADO,0,PENSAMENTO COMPUTACIONAL,2020.1
1,51700,777b47442f1c17f1217e165d5330c6c9,2,9.2,9.7,APROVADO,0,PENSAMENTO COMPUTACIONAL,2020.1
2,51700,777b47442f1c17f1217e165d5330c6c9,3,10.0,9.7,APROVADO,0,PENSAMENTO COMPUTACIONAL,2020.1
3,51700,b8f5bd626048153244976ce76718c4e2,3,0.0,0.5,REPROVADO POR MÉDIA E POR FALTAS,40,PENSAMENTO COMPUTACIONAL,2020.1
4,51700,b8f5bd626048153244976ce76718c4e2,1,1.5,0.5,REPROVADO POR MÉDIA E POR FALTAS,40,PENSAMENTO COMPUTACIONAL,2020.1
5,51700,b8f5bd626048153244976ce76718c4e2,2,0.0,0.5,REPROVADO POR MÉDIA E POR FALTAS,40,PENSAMENTO COMPUTACIONAL,2020.1
6,51700,2800f2e0e51f8a61798b4c76c888630a,1,9.2,9.2,APROVADO,0,PENSAMENTO COMPUTACIONAL,2020.1
7,51700,2800f2e0e51f8a61798b4c76c888630a,2,10.0,9.2,APROVADO,0,PENSAMENTO COMPUTACIONAL,2020.1
8,51700,2800f2e0e51f8a61798b4c76c888630a,3,8.4,9.2,APROVADO,0,PENSAMENTO COMPUTACIONAL,2020.1
9,51700,395d785d0d62ffdcc15d4e575adc858d,1,9.1,9.0,APROVADO,2,PENSAMENTO COMPUTACIONAL,2020.1
10,51700,395d785d0d62ffdcc15d4e575adc858d,2,9.8,9.0,APROVADO,2,PENSAMENTO COMPUTACIONAL,2020.1
11,51700,395d785d0d62ffdcc15d4e575adc858d,3,8.2,9.0,APROVADO,2,PENSAMENTO COMPUTACIONAL,2020.1
12,51700,85c54321edfe1706b396abaf3b7e7aa6,1,6.9,8.3,APROVADO,0,PENSAMENTO COMPUTACIONAL,2020.1
13,51700,85c54321edfe1706b396abaf3b7e7aa6,2,9.7,8.3,APROVADO,0,PENSAMENTO COMPUTACIONAL,2020.1
14,51700,85c54321edfe1706b396abaf3b7e7aa6,3,8.2,8.3,APROVADO,0,PENSAMENTO COMPUTACIONAL,2020.1
15,51700,a08d592b87bdd617b35bf31768d522de,3,6.5,8.5,APROVADO,4,PENSAMENTO COMPUTACIONAL,2020.1
16,51700,a08d592b87bdd617b35bf31768d522de,1,8.9,8.5,APROVADO,4,PENSAMENTO COMPUTACIONAL,2020.1
17,51700,a08d592b87bdd617b35bf31768d522de,2,10.0,8.5,APROVADO,4,PENSAMENTO COMPUTACIONAL,2020.1
18,51700,1fb8ef99daca6e127abd16f834fb56cb,3,0.0,0.0,REPROVADO POR MÉDIA E POR FALTAS,34,PENSAMENTO COMPUTACIONAL,2020.1
19,51700,1fb8ef99daca6e127abd16f834fb56cb,1,0.0,0.0,REPROVADO POR MÉDIA E POR FALTAS,34,PENSAMENTO COMPUTACIONAL,2020.1
20,51700,1fb8ef99daca6e127abd16f834fb56cb,2,0.0,0.0,REPROVADO POR MÉDIA E POR FALTAS,34,PENSAMENTO COMPUTACIONAL,2020.1
21,51700,4a171a61535d8f6acc64790502887984,1,8.7,8.6,APROVADO,2,PENSAMENTO COMPUTACIONAL,2020.1
22,51700,4a171a61535d8f6acc64790502887984,2,8.2,8.6,APROVADO,2,PENSAMENTO COMPUTACIONAL,2020.1
23,51700,4a171a61535d8f6acc64790502887984,3,9.0,8.6,APROVADO,2,PENSAMENTO COMPUTACIONAL,2020.1
24,51700,3cf1bd5ba448db0c941bed5f0322a72a,1,8.6,9.2,APROVADO,0,PENSAMENTO COMPUTACIONAL,2020.1
25,51700,3cf1bd5ba448db0c941bed5f0322a72a,2,9.4,9.2,APROVADO,0,PENSAMENTO COMPUTACIONAL,2020.1
26,51700,3cf1bd5ba448db0c941bed5f0322a72a,3,9.6,9.2,APROVADO,0,PENSAMENTO COMPUTACIONAL,2020.1
27,51700,a9997a6dcbf51223373e24ad3ece4024,1,6.3,6.5,APROVADO POR NOTA,8,PENSAMENTO COMPUTACIONAL,2020.1
28,51700,a9997a6dcbf51223373e24ad3ece4024,2,5.4,6.5,APROVADO POR NOTA,8,PENSAMENTO COMPUTACIONAL,2020.1
29,51700,a9997a6dcbf51223373e24ad3ece4024,3,7.8,6.5,APROVADO POR NOTA,8,PENSAMENTO COMPUTACIONAL,2020.1
30,51700,561f395b435c3581c9fbc20083fee7d9,3,9.2,8.9,APROVADO,2,PENSAMENTO COMPUTACIONAL,2020.1
31,51700,561f395b435c3581c9fbc20083fee7d9,1,9.1,8.9,APROVADO,2,PENSAMENTO COMPUTACIONAL,2020.1
32,51700,561f395b435c3581c9fbc20083fee7d9,2,8.4,8.9,APROVADO,2,PENSAMENTO COMPUTACIONAL,2020.1
33,51700,093e96bc3c8d06ea2cbb112c7a8286b1,1,3.1,1.2,REPROVADO POR MÉDIA E POR FALTAS,22,PENSAMENTO COMPUTACIONAL,2020.1
34,51700,093e96bc3c8d06ea2cbb112c7a8286b1,2,0.6,1.2,REPROVADO POR MÉDIA E POR FALTAS,22,PENSAMENTO COMPUTACIONAL,2020.1
35,51700,093e96bc3c8d06ea2cbb112c7a8286b1,3,0.0,1.2,REPROVADO POR MÉDIA E POR FALTAS,22,PENSAMENTO COMPUTACIONAL,2020.1
36,51700,60bf4ab847023939b542460eab2d4149,1,9.5,8.0,APROVADO,6,PENSAMENTO COMPUTACIONAL,2020.1
37,51700,60bf4ab847023939b542460eab2d4149,2,5.4,8.0,APROVADO,6,PENSAMENTO COMPUTACIONAL,2020.1
38,51700,60bf4ab847023939b542460eab2d4149,3,9.0,8.0,APROVADO,6,PENSAMENTO COMPUTACIONAL,2020.1
39,51700,7f8e8010f0a6b369f6a9a979b50801e1,1,6.8,7.6,APROVADO,16,PENSAMENTO COMPUTACIONAL,2020.1
40,51700,7f8e8010f0a6b369f6a9a979b50801e1,2,2.7,7.6,APROVADO,16,PENSAMENTO COMPUTACIONAL,2020.1
41,51700,7f8e8010f0a6b369f6a9a979b50801e1,3,6.5,7.6,APROVADO,16,PENSAMENTO COMPUTACIONAL,2020.1
42,51700,feb3ea8326463d7c47bbb635df602bce,1,9.3,9.4,APROVADO,2,PENSAMENTO COMPUTACIONAL,2020.1
43,51700,feb3ea8326463d7c47bbb635df602bce,2,8.9,9.4,APROVADO,2,PENSAMENTO COMPUTACIONAL,2020.1
44,51700,feb3ea8326463d7c47bbb635df602bce,3,10.0,9.4,APROVADO,2,PENSAMENTO COMPUTACIONAL,2020.1
45,51700,d32c036eda2ee7c228a30b08ef1be118,2,6.5,7.7,APROVADO,6,PENSAMENTO COMPUTACIONAL,2020.1
46,51700,d32c036eda2ee7c228a30b08ef1be118,3,7.8,7.7,APROVADO,6,PENSAMENTO COMPUTACIONAL,2020.1
47,51700,d32c036eda2ee7c228a30b08ef1be118,1,8.7,7.7,APROVADO,6,PENSAMENTO COMPUTACIONAL,2020.1
48,51700,8b9ffdb2dd48896cc45e831546ec2279,1,7.3,8.5,APROVADO,0,PENSAMENTO COMPUTACIONAL,2020.1
49,51700,8b9ffdb2dd48896cc45e831546ec2279,2,8.9,8.5,APROVADO,0,PENSAMENTO COMPUTACIONAL,2020.1
50,51700,8b9ffdb2dd48896cc45e831546ec2279,3,9.4,8.5,APROVADO,0,PENSAMENTO COMPUTACIONAL,2020.1
51,51700,a70215ff0d8e2621f081292f632e44b3,1,0.0,0.0,REPROVADO POR MÉDIA E POR FALTAS,38,PENSAMENTO COMPUTACIONAL,2020.1
52,51700,a70215ff0d8e2621f081292f632e44b3,2,0.0,0.0,REPROVADO POR MÉDIA E POR FALTAS,38,PENSAMENTO COMPUTACIONAL,2020.1
53,51700,a70215ff0d8e2621f081292f632e44b3,3,0.0,0.0,REPROVADO POR MÉDIA E POR FALTAS,38,PENSAMENTO COMPUTACIONAL,2020.1
54,51700,7e6fcb53ee4051a0768c22931d123109,1,8.0,8.0,APROVADO,2,PENSAMENTO COMPUTACIONAL,2020.1
55,51700,7e6fcb53ee4051a0768c22931d123109,2,7.9,8.0,APROVADO,2,PENSAMENTO COMPUTACIONAL,2020.1
56,51700,7e6fcb53ee4051a0768c22931d123109,3,8.2,8.0,APROVADO,2,PENSAMENTO COMPUTACIONAL,2020.1
57,51700,bfad290f09c76d1e2fe5fd91a191c477,1,6.6,8.2,APROVADO,0,PENSAMENTO COMPUTACIONAL,2020.1
58,51700,bfad290f09c76d1e2fe5fd91a191c477,2,8.1,8.2,APROVADO,0,PENSAMENTO COMPUTACIONAL,2020.1
59,51700,bfad290f09c76d1e2fe5fd91a191c477,3,10.0,8.2,APROVADO,0,PENSAMENTO COMPUTACIONAL,2020.1
60,51700,280f4427b69ab1cda5d8f9cd0beac605,1,6.9,6.3,APROVADO POR NOTA,12,PENSAMENTO COMPUTACIONAL,2020.1
61,51700,280f4427b69ab1cda5d8f9cd0beac605,2,6.9,6.3,APROVADO POR NOTA,12,PENSAMENTO COMPUTACIONAL,2020.1
62,51700,280f4427b69ab1cda5d8f9cd0beac605,3,5.0,6.3,APROVADO POR NOTA,12,PENSAMENTO COMPUTACIONAL,2020.1
63,51700,6f21414f7f42691e9e3c951ff771351d,1,8.5,9.2,APROVADO,12,PENSAMENTO COMPUTACIONAL,2020.1
64,51700,6f21414f7f42691e9e3c951ff771351d,2,9.5,9.2,APROVADO,12,PENSAMENTO COMPUTACIONAL,2020.1
65,51700,6f21414f7f42691e9e3c951ff771351d,3,9.6,9.2,APROVADO,12,PENSAMENTO COMPUTACIONAL,2020.1
66,51700,1bf03e50245d206482d1bc2ac76ed77e,1,9.6,9.7,APROVADO,0,PENSAMENTO COMPUTACIONAL,2020.1
67,51700,1bf03e50245d206482d1bc2ac76ed77e,2,9.5,9.7,APROVADO,0,PENSAMENTO COMPUTACIONAL,2020.1
68,51700,1bf03e50245d206482d1bc2ac76ed77e,3,10.0,9.7,APROVADO,0,PENSAMENTO COMPUTACIONAL,2020.1
69,51700,6243b87ed0a2f53524c6322bc4b19d6f,1,6.1,6.3,APROVADO POR NOTA,8,PENSAMENTO COMPUTACIONAL,2020.1
70,51700,6243b87ed0a2f53524c6322bc4b19d6f,2,6.8,6.3,APROVADO POR NOTA,8,PENSAMENTO COMPUTACIONAL,2020.1
71,51700,6243b87ed0a2f53524c6322bc4b19d6f,3,6.0,6.3,APROVADO POR NOTA,8,PENSAMENTO COMPUTACIONAL,2020.1
72,51700,74986138228105936622a9b321d3821a,1,9.6,9.9,APROVADO,0,PENSAMENTO COMPUTACIONAL,2020.1
73,51700,74986138228105936622a9b321d3821a,2,10.0,9.9,APROVADO,0,PENSAMENTO COMPUTACIONAL,2020.1
74,51700,74986138228105936622a9b321d3821a,3,10.0,9.9,APROVADO,0,PENSAMENTO COMPUTACIONAL,2020.1
75,51700,a92213ede22f67b13df89ec01d55447a,3,8.0,8.8,APROVADO,2,PENSAMENTO COMPUTACIONAL,2020.1
76,51700,a92213ede22f67b13df89ec01d55447a,1,9.6,8.8,APROVADO,2,PENSAMENTO COMPUTACIONAL,2020.1
77,51700,a92213ede22f67b13df89ec01d55447a,2,8.8,8.8,APROVADO,2,PENSAMENTO COMPUTACIONAL,2020.1
78,51700,ec9c0d7b33aadbaef8564aaa9c08f4d4,3,0.0,0.0,REPROVADO POR MÉDIA E POR FALTAS,32,PENSAMENTO COMPUTACIONAL,2020.1
79,51700,ec9c0d7b33aadbaef8564aaa9c08f4d4,2,0.0,0.0,REPROVADO POR MÉDIA E POR FALTAS,32,PENSAMENTO COMPUTACIONAL,2020.1
80,51700,ec9c0d7b33aadbaef8564aaa9c08f4d4,1,0.0,0.0,REPROVADO POR MÉDIA E POR FALTAS,32,PENSAMENTO COMPUTACIONAL,2020.1
81,51700,7c76bfd7f3085a55e9d265d8c808914e,1,9.7,8.8,APROVADO,2,PENSAMENTO COMPUTACIONAL,2020.1
82,51700,7c76bfd7f3085a55e9d265d8c808914e,2,10.0,8.8,APROVADO,2,PENSAMENTO COMPUTACIONAL,2020.1
83,51700,7c76bfd7f3085a55e9d265d8c808914e,3,6.7,8.8,APROVADO,2,PENSAMENTO COMPUTACIONAL,2020.1
84,51700,9ac53d99f73d37875000ece697435457,1,9.4,8.6,APROVADO,4,PENSAMENTO COMPUTACIONAL,2020.1
85,51700,9ac53d99f73d37875000ece697435457,2,8.0,8.6,APROVADO,4,PENSAMENTO COMPUTACIONAL,2020.1
86,51700,9ac53d99f73d37875000ece697435457,3,8.4,8.6,APROVADO,4,PENSAMENTO COMPUTACIONAL,2020.1
87,51700,f910031e1f44df7aa6438faa2ebf70ef,1,9.7,8.7,APROVADO,2,PENSAMENTO COMPUTACIONAL,2020.1
88,51700,f910031e1f44df7aa6438faa2ebf70ef,2,10.0,8.7,APROVADO,2,PENSAMENTO COMPUTACIONAL,2020.1
89,51700,f910031e1f44df7aa6438faa2ebf70ef,3,6.4,8.7,APROVADO,2,PENSAMENTO COMPUTACIONAL,2020.1
90,51700,3e159a820bac1673424e8e74e3104711,1,7.5,7.8,APROVADO,8,PENSAMENTO COMPUTACIONAL,2020.1
91,51700,3e159a820bac1673424e8e74e3104711,2,9.6,7.8,APROVADO,8,PENSAMENTO COMPUTACIONAL,2020.1
92,51700,3e159a820bac1673424e8e74e3104711,3,6.2,7.8,APROVADO,8,PENSAMENTO COMPUTACIONAL,2020.1
93,51700,378a7cb0510bd144b559d1b8dacb66ff,3,10.0,9.8,APROVADO,4,PENSAMENTO COMPUTACIONAL,2020.1
94,51700,378a7cb0510bd144b559d1b8dacb66ff,1,9.4,9.8,APROVADO,4,PENSAMENTO COMPUTACIONAL,2020.1
95,51700,378a7cb0510bd144b559d1b8dacb66ff,2,10.0,9.8,APROVADO,4,PENSAMENTO COMPUTACIONAL,2020.1
96,51700,5100642c10d9b1283ef4a0a3ec314453,1,6.0,2.8,REPROVADO POR MÉDIA E POR FALTAS,22,PENSAMENTO COMPUTACIONAL,2020.1
97,51700,5100642c10d9b1283ef4a0a3ec314453,2,2.5,2.8,REPROVADO POR MÉDIA E POR FALTAS,22,PENSAMENTO COMPUTACIONAL,2020.1
98,51700,5100642c10d9b1283ef4a0a3ec314453,3,0.0,2.8,REPROVADO POR MÉDIA E POR FALTAS,22,PENSAMENTO COMPUTACIONAL,2020.1
99,51700,77eb99e2672ae5d00d834685aa2182f8,1,9.6,9.2,APROVADO,0,PENSAMENTO COMPUTACIONAL,2020.1
100,51700,77eb99e2672ae5d00d834685aa2182f8,2,9.5,9.2,APROVADO,0,PENSAMENTO COMPUTACIONAL,2020.1
101,51700,77eb99e2672ae5d00d834685aa2182f8,3,8.4,9.2,APROVADO,0,PENSAMENTO COMPUTACIONAL,2020.1
102,51700,fd0a060fbf2dc8f1e379f47fa70e7b60,1,4.3,4.0,REPROVADO,16,PENSAMENTO COMPUTACIONAL,2020.1
103,51700,fd0a060fbf2dc8f1e379f47fa70e7b60,2,2.6,4.0,REPROVADO,16,PENSAMENTO COMPUTACIONAL,2020.1
104,51700,fd0a060fbf2dc8f1e379f47fa70e7b60,3,5.0,4.0,REPROVADO,16,PENSAMENTO COMPUTACIONAL,2020.1
105,51700,c1b7f7103489bc95d97c263135e8a08b,1,1.6,0.5,REPROVADO POR MÉDIA E POR FALTAS,34,PENSAMENTO COMPUTACIONAL,2020.1
106,51700,c1b7f7103489bc95d97c263135e8a08b,2,0.0,0.5,REPROVADO POR MÉDIA E POR FALTAS,34,PENSAMENTO COMPUTACIONAL,2020.1
107,51700,c1b7f7103489bc95d97c263135e8a08b,3,0.0,0.5,REPROVADO POR MÉDIA E POR FALTAS,34,PENSAMENTO COMPUTACIONAL,2020.1
108,51700,fd9ecb8a9a2648a3d287397b325edd57,1,0.1,0.0,REPROVADO POR MÉDIA E POR FALTAS,32,PENSAMENTO COMPUTACIONAL,2020.1
109,51700,fd9ecb8a9a2648a3d287397b325edd57,2,0.0,0.0,REPROVADO POR MÉDIA E POR FALTAS,32,PENSAMENTO COMPUTACIONAL,2020.1
110,51700,fd9ecb8a9a2648a3d287397b325edd57,3,0.0,0.0,REPROVADO POR MÉDIA E POR FALTAS,32,PENSAMENTO COMPUTACIONAL,2020.1
111,51700,024332d25d558899c24f6a7bacfe6019,1,6.0,6.9,APROVADO POR NOTA,4,PENSAMENTO COMPUTACIONAL,2020.1
112,51700,024332d25d558899c24f6a7bacfe6019,2,9.2,6.9,APROVADO POR NOTA,4,PENSAMENTO COMPUTACIONAL,2020.1
113,51700,024332d25d558899c24f6a7bacfe6019,3,5.6,6.9,APROVADO POR NOTA,4,PENSAMENTO COMPUTACIONAL,2020.1
114,51702,0e3f4a13180bc8e086ed5914cac79b58,1,8.2,7.6,APROVADO,2,PENSAMENTO COMPUTACIONAL,2020.1
115,51702,0e3f4a13180bc8e086ed5914cac79b58,2,7.1,7.6,APROVADO,2,PENSAMENTO COMPUTACIONAL,2020.1
116,51702,0e3f4a13180bc8e086ed5914cac79b58,3,7.6,7.6,APROVADO,2,PENSAMENTO COMPUTACIONAL,2020.1
117,51702,22d2aa905becb259d08482ce5681cb80,3,6.8,7.0,APROVADO,8,PENSAMENTO COMPUTACIONAL,2020.1
118,51702,22d2aa905becb259d08482ce5681cb80,1,7.8,7.0,APROVADO,8,PENSAMENTO COMPUTACIONAL,2020.1
119,51702,22d2aa905becb259d08482ce5681cb80,2,6.5,7.0,APROVADO,8,PENSAMENTO COMPUTACIONAL,2020.1
120,51702,1c281dbd253735d0158a848e0ba85f87,1,2.8,0.9,REPROVADO POR MÉDIA E POR FALTAS,26,PENSAMENTO COMPUTACIONAL,2020.1
121,51702,1c281dbd253735d0158a848e0ba85f87,2,0.0,0.9,REPROVADO POR MÉDIA E POR FALTAS,26,PENSAMENTO COMPUTACIONAL,2020.1
122,51702,1c281dbd253735d0158a848e0ba85f87,3,0.0,0.9,REPROVADO POR MÉDIA E POR FALTAS,26,PENSAMENTO COMPUTACIONAL,2020.1
123,51702,02a039d3dca8b056cfdc9fe15a4560ef,1,6.2,6.4,APROVADO POR NOTA,8,PENSAMENTO COMPUTACIONAL,2020.1
124,51702,02a039d3dca8b056cfdc9fe15a4560ef,2,6.6,6.4,APROVADO POR NOTA,8,PENSAMENTO COMPUTACIONAL,2020.1
125,51702,02a039d3dca8b056cfdc9fe15a4560ef,3,6.5,6.4,APROVADO POR NOTA,8,PENSAMENTO COMPUTACIONAL,2020.1
126,51702,8b126a67d33eb20e7981de6b010f2103,1,7.5,7.1,APROVADO,6,PENSAMENTO COMPUTACIONAL,2020.1
127,51702,8b126a67d33eb20e7981de6b010f2103,2,6.9,7.1,APROVADO,6,PENSAMENTO COMPUTACIONAL,2020.1
128,51702,8b126a67d33eb20e7981de6b010f2103,3,6.9,7.1,APROVADO,6,PENSAMENTO COMPUTACIONAL,2020.1
129,51702,e14539791289ac19552e73ef09b8a34e,1,2.2,0.7,REPROVADO,12,PENSAMENTO COMPUTACIONAL,2020.1
130,51702,e14539791289ac19552e73ef09b8a34e,2,0.0,0.7,REPROVADO,12,PENSAMENTO COMPUTACIONAL,2020.1
131,51702,e14539791289ac19552e73ef09b8a34e,3,0.0,0.7,REPROVADO,12,PENSAMENTO COMPUTACIONAL,2020.1
132,51702,7200068b40fce2e8ec327ab0ce8caf4e,1,9.2,9.2,APROVADO,0,PENSAMENTO COMPUTACIONAL,2020.1
133,51702,7200068b40fce2e8ec327ab0ce8caf4e,2,9.2,9.2,APROVADO,0,PENSAMENTO COMPUTACIONAL,2020.1
134,51702,7200068b40fce2e8ec327ab0ce8caf4e,3,9.2,9.2,APROVADO,0,PENSAMENTO COMPUTACIONAL,2020.1
135,51702,0ed83e91e04b042c1f6becb198612faa,2,5.2,5.4,APROVADO POR NOTA,8,PENSAMENTO COMPUTACIONAL,2020.1
136,51702,0ed83e91e04b042c1f6becb198612faa,3,5.4,5.4,APROVADO POR NOTA,8,PENSAMENTO COMPUTACIONAL,2020.1
137,51702,0ed83e91e04b042c1f6becb198612faa,1,5.6,5.4,APROVADO POR NOTA,8,PENSAMENTO COMPUTACIONAL,2020.1
138,51702,f0b780ab20e8a40daace5d245c684e72,2,0.0,0.6,REPROVADO POR MÉDIA E POR FALTAS,22,PENSAMENTO COMPUTACIONAL,2020.1
139,51702,f0b780ab20e8a40daace5d245c684e72,3,0.0,0.6,REPROVADO POR MÉDIA E POR FALTAS,22,PENSAMENTO COMPUTACIONAL,2020.1
140,51702,f0b780ab20e8a40daace5d245c684e72,1,1.7,0.6,REPROVADO POR MÉDIA E POR FALTAS,22,PENSAMENTO COMPUTACIONAL,2020.1
141,51702,bbe606ec8a1dd5ee310d180634d9ccac,1,10.0,9.0,APROVADO,2,PENSAMENTO COMPUTACIONAL,2020.1
142,51702,bbe606ec8a1dd5ee310d180634d9ccac,2,8.0,9.0,APROVADO,2,PENSAMENTO COMPUTACIONAL,2020.1
143,51702,bbe606ec8a1dd5ee310d180634d9ccac,3,9.0,9.0,APROVADO,2,PENSAMENTO COMPUTACIONAL,2020.1
144,51702,71e28639d88df779518d0a8404624801,3,7.9,7.3,APROVADO,8,PENSAMENTO COMPUTACIONAL,2020.1
145,51702,71e28639d88df779518d0a8404624801,1,5.0,7.3,APROVADO,8,PENSAMENTO COMPUTACIONAL,2020.1
146,51702,71e28639d88df779518d0a8404624801,2,8.9,7.3,APROVADO,8,PENSAMENTO COMPUTACIONAL,2020.1
147,51702,6c4f2c653a28888b5bf86f669404eb8c,2,0.0,0.0,REPROVADO POR MÉDIA E POR FALTAS,48,PENSAMENTO COMPUTACIONAL,2020.1
148,51702,6c4f2c653a28888b5bf86f669404eb8c,3,0.0,0.0,REPROVADO POR MÉDIA E POR FALTAS,48,PENSAMENTO COMPUTACIONAL,2020.1
149,51702,6c4f2c653a28888b5bf86f669404eb8c,1,0.0,0.0,REPROVADO POR MÉDIA E POR FALTAS,48,PENSAMENTO COMPUTACIONAL,2020.1
150,51702,c76dca78945973dab842b3a746e3fcb6,3,0.0,0.7,REPROVADO POR MÉDIA E POR FALTAS,42,PENSAMENTO COMPUTACIONAL,2020.1
151,51702,c76dca78945973dab842b3a746e3fcb6,1,2.2,0.7,REPROVADO POR MÉDIA E POR FALTAS,42,PENSAMENTO COMPUTACIONAL,2020.1
152,51702,c76dca78945973dab842b3a746e3fcb6,2,0.0,0.7,REPROVADO POR MÉDIA E POR FALTAS,42,PENSAMENTO COMPUTACIONAL,2020.1
153,51702,77676bc61c5fa40a70b883a72cf77cfd,3,5.2,5.4,APROVADO POR NOTA,10,PENSAMENTO COMPUTACIONAL,2020.1
154,51702,77676bc61c5fa40a70b883a72cf77cfd,1,6.2,5.4,APROVADO POR NOTA,10,PENSAMENTO COMPUTACIONAL,2020.1
155,51702,77676bc61c5fa40a70b883a72cf77cfd,2,4.8,5.4,APROVADO POR NOTA,10,PENSAMENTO COMPUTACIONAL,2020.1
156,51702,8ed6751e9ebe3fc320d0bac44b923c01,1,6.5,8.6,APROVADO,6,PENSAMENTO COMPUTACIONAL,2020.1
157,51702,8ed6751e9ebe3fc320d0bac44b923c01,2,9.6,8.6,APROVADO,6,PENSAMENTO COMPUTACIONAL,2020.1
158,51702,8ed6751e9ebe3fc320d0bac44b923c01,3,9.6,8.6,APROVADO,6,PENSAMENTO COMPUTACIONAL,2020.1
159,51702,40ce7a9b9e28a516632684add773b344,1,9.3,9.7,APROVADO,2,PENSAMENTO COMPUTACIONAL,2020.1
160,51702,40ce7a9b9e28a516632684add773b344,2,9.8,9.7,APROVADO,2,PENSAMENTO COMPUTACIONAL,2020.1
161,51702,40ce7a9b9e28a516632684add773b344,3,9.9,9.7,APROVADO,2,PENSAMENTO COMPUTACIONAL,2020.1
162,51702,efb840b8daf0d4337af7b25f0fe59f50,1,1.4,0.5,REPROVADO POR MÉDIA E POR FALTAS,42,PENSAMENTO COMPUTACIONAL,2020.1
163,51702,efb840b8daf0d4337af7b25f0fe59f50,2,0.0,0.5,REPROVADO POR MÉDIA E POR FALTAS,42,PENSAMENTO COMPUTACIONAL,2020.1
164,51702,efb840b8daf0d4337af7b25f0fe59f50,3,0.0,0.5,REPROVADO POR MÉDIA E POR FALTAS,42,PENSAMENTO COMPUTACIONAL,2020.1
165,51702,868a89708e340c341520d712720c215e,1,8.4,5.8,APROVADO POR NOTA,8,PENSAMENTO COMPUTACIONAL,2020.1
166,51702,868a89708e340c341520d712720c215e,2,4.0,5.8,APROVADO POR NOTA,8,PENSAMENTO COMPUTACIONAL,2020.1
167,51702,868a89708e340c341520d712720c215e,3,5.0,5.8,APROVADO POR NOTA,8,PENSAMENTO COMPUTACIONAL,2020.1
168,51702,ee587800a51ab7a4af8d127c758cb98b,1,8.3,7.0,APROVADO,0,PENSAMENTO COMPUTACIONAL,2020.1
169,51702,ee587800a51ab7a4af8d127c758cb98b,2,6.1,7.0,APROVADO,0,PENSAMENTO COMPUTACIONAL,2020.1
170,51702,ee587800a51ab7a4af8d127c758cb98b,3,6.5,7.0,APROVADO,0,PENSAMENTO COMPUTACIONAL,2020.1
171,51702,8aba6337dd690951b7d063b0de809e2c,1,3.4,5.0,APROVADO POR NOTA,6,PENSAMENTO COMPUTACIONAL,2020.1
172,51702,8aba6337dd690951b7d063b0de809e2c,2,4.9,5.0,APROVADO POR NOTA,6,PENSAMENTO COMPUTACIONAL,2020.1
173,51702,8aba6337dd690951b7d063b0de809e2c,3,4.6,5.0,APROVADO POR NOTA,6,PENSAMENTO COMPUTACIONAL,2020.1
174,51702,95a25cb081e950e088c0eb7d9029f334,1,4.5,6.1,APROVADO POR NOTA,2,PENSAMENTO COMPUTACIONAL,2020.1
175,51702,95a25cb081e950e088c0eb7d9029f334,2,7.1,6.1,APROVADO POR NOTA,2,PENSAMENTO COMPUTACIONAL,2020.1
176,51702,95a25cb081e950e088c0eb7d9029f334,3,6.7,6.1,APROVADO POR NOTA,2,PENSAMENTO COMPUTACIONAL,2020.1
177,51702,e0ee14c847834aa1d9a50b73316d7053,1,0.0,0.0,REPROVADO POR MÉDIA E POR FALTAS,44,PENSAMENTO COMPUTACIONAL,2020.1
178,51702,e0ee14c847834aa1d9a50b73316d7053,2,0.0,0.0,REPROVADO POR MÉDIA E POR FALTAS,44,PENSAMENTO COMPUTACIONAL,2020.1
179,51702,e0ee14c847834aa1d9a50b73316d7053,3,0.0,0.0,REPROVADO POR MÉDIA E POR FALTAS,44,PENSAMENTO COMPUTACIONAL,2020.1
180,51702,8b0b9d50801de7d4f67cf4f606862271,1,9.8,9.9,APROVADO,2,PENSAMENTO COMPUTACIONAL,2020.1
181,51702,8b0b9d50801de7d4f67cf4f606862271,2,10.0,9.9,APROVADO,2,PENSAMENTO COMPUTACIONAL,2020.1
182,51702,8b0b9d50801de7d4f67cf4f606862271,3,9.9,9.9,APROVADO,2,PENSAMENTO COMPUTACIONAL,2020.1
183,51702,36f92a9f063c0948aef94dbdba59667f,1,2.5,0.8,REPROVADO,16,PENSAMENTO COMPUTACIONAL,2020.1
184,51702,36f92a9f063c0948aef94dbdba59667f,2,0.0,0.8,REPROVADO,16,PENSAMENTO COMPUTACIONAL,2020.1
185,51702,36f92a9f063c0948aef94dbdba59667f,3,0.0,0.8,REPROVADO,16,PENSAMENTO COMPUTACIONAL,2020.1
186,51702,46655c403c68095da86e55e9ebbd9e6b,2,9.2,9.2,APROVADO,0,PENSAMENTO COMPUTACIONAL,2020.1
187,51702,46655c403c68095da86e55e9ebbd9e6b,1,9.2,9.2,APROVADO,0,PENSAMENTO COMPUTACIONAL,2020.1
188,51702,46655c403c68095da86e55e9ebbd9e6b,3,9.2,9.2,APROVADO,0,PENSAMENTO COMPUTACIONAL,2020.1
189,51702,d000a499b7ca94d5cd15898813024374,3,5.2,5.4,APROVADO POR NOTA,8,PENSAMENTO COMPUTACIONAL,2020.1
190,51702,d000a499b7ca94d5cd15898813024374,1,6.2,5.4,APROVADO POR NOTA,8,PENSAMENTO COMPUTACIONAL,2020.1
191,51702,d000a499b7ca94d5cd15898813024374,2,4.9,5.4,APROVADO POR NOTA,8,PENSAMENTO COMPUTACIONAL,2020.1
192,51702,1f47987d971830f42f7a1df884b757ff,1,6.3,5.3,APROVADO POR NOTA,8,PENSAMENTO COMPUTACIONAL,2020.1
193,51702,1f47987d971830f42f7a1df884b757ff,2,4.6,5.3,APROVADO POR NOTA,8,PENSAMENTO COMPUTACIONAL,2020.1
194,51702,1f47987d971830f42f7a1df884b757ff,3,5.1,5.3,APROVADO POR NOTA,8,PENSAMENTO COMPUTACIONAL,2020.1
195,51702,5182544a4550425b33f0bc8b9ad3d934,1,9.7,9.9,APROVADO,0,PENSAMENTO COMPUTACIONAL,2020.1
196,51702,5182544a4550425b33f0bc8b9ad3d934,2,10.0,9.9,APROVADO,0,PENSAMENTO COMPUTACIONAL,2020.1
197,51702,5182544a4550425b33f0bc8b9ad3d934,3,10.0,9.9,APROVADO,0,PENSAMENTO COMPUTACIONAL,2020.1
198,51702,48244590c3dfe8d745ff4695ce080bcd,1,9.9,9.9,APROVADO,0,PENSAMENTO COMPUTACIONAL,2020.1
199,51702,48244590c3dfe8d745ff4695ce080bcd,2,9.9,9.9,APROVADO,0,PENSAMENTO COMPUTACIONAL,2020.1
200,51702,48244590c3dfe8d745ff4695ce080bcd,3,9.9,9.9,APROVADO,0,PENSAMENTO COMPUTACIONAL,2020.1
201,51702,d22fc5ba595d5decc38d4a01d54ba70f,1,3.3,1.1,REPROVADO POR MÉDIA E POR FALTAS,24,PENSAMENTO COMPUTACIONAL,2020.1
202,51702,d22fc5ba595d5decc38d4a01d54ba70f,3,0.0,1.1,REPROVADO POR MÉDIA E POR FALTAS,24,PENSAMENTO COMPUTACIONAL,2020.1
203,51702,d22fc5ba595d5decc38d4a01d54ba70f,2,0.0,1.1,REPROVADO POR MÉDIA E POR FALTAS,24,PENSAMENTO COMPUTACIONAL,2020.1
204,51702,3be613d0dfea64a63b9446f226c0763b,1,0.8,0.3,REPROVADO,12,PENSAMENTO COMPUTACIONAL,2020.1
205,51702,3be613d0dfea64a63b9446f226c0763b,2,0.0,0.3,REPROVADO,12,PENSAMENTO COMPUTACIONAL,2020.1
206,51702,3be613d0dfea64a63b9446f226c0763b,3,0.0,0.3,REPROVADO,12,PENSAMENTO COMPUTACIONAL,2020.1
207,51702,cd677a5c2977983e74926952ee149d6e,3,10.0,10.0,APROVADO,0,PENSAMENTO COMPUTACIONAL,2020.1
208,51702,cd677a5c2977983e74926952ee149d6e,1,10.0,10.0,APROVADO,0,PENSAMENTO COMPUTACIONAL,2020.1
209,51702,cd677a5c2977983e74926952ee149d6e,2,10.0,10.0,APROVADO,0,PENSAMENTO COMPUTACIONAL,2020.1
210,51702,6418f5c9732863640af75d2a5b1c9d25,1,7.6,9.1,APROVADO,14,PENSAMENTO COMPUTACIONAL,2020.1
211,51702,6418f5c9732863640af75d2a5b1c9d25,2,9.9,9.1,APROVADO,14,PENSAMENTO COMPUTACIONAL,2020.1
212,51702,6418f5c9732863640af75d2a5b1c9d25,3,9.9,9.1,APROVADO,14,PENSAMENTO COMPUTACIONAL,2020.1
213,51702,4fff30383d7571f1ab3c9172514208ec,1,7.2,8.1,APROVADO,4,PENSAMENTO COMPUTACIONAL,2020.1
214,51702,4fff30383d7571f1ab3c9172514208ec,2,8.8,8.1,APROVADO,4,PENSAMENTO COMPUTACIONAL,2020.1
215,51702,4fff30383d7571f1ab3c9172514208ec,3,8.2,8.1,APROVADO,4,PENSAMENTO COMPUTACIONAL,2020.1
216,51702,c5846a4a101ec5e6b2149ca392e4a9f4,3,5.2,5.6,APROVADO POR NOTA,2,PENSAMENTO COMPUTACIONAL,2020.1
217,51702,c5846a4a101ec5e6b2149ca392e4a9f4,1,7.1,5.6,APROVADO POR NOTA,2,PENSAMENTO COMPUTACIONAL,2020.1
218,51702,c5846a4a101ec5e6b2149ca392e4a9f4,2,4.6,5.6,APROVADO POR NOTA,2,PENSAMENTO COMPUTACIONAL,2020.1
219,51702,101dde7cba2fe9dcf95bfeca05c8cf9a,1,8.2,8.2,APROVADO,0,PENSAMENTO COMPUTACIONAL,2020.1
220,51702,101dde7cba2fe9dcf95bfeca05c8cf9a,2,8.2,8.2,APROVADO,0,PENSAMENTO COMPUTACIONAL,2020.1
221,51702,101dde7cba2fe9dcf95bfeca05c8cf9a,3,8.2,8.2,APROVADO,0,PENSAMENTO COMPUTACIONAL,2020.1
222,51702,ee3c3622f7043b9a9ebbd300caeb6043,1,9.6,9.3,APROVADO,4,PENSAMENTO COMPUTACIONAL,2020.1
223,51702,ee3c3622f7043b9a9ebbd300caeb6043,2,9.1,9.3,APROVADO,4,PENSAMENTO COMPUTACIONAL,2020.1
224,51702,ee3c3622f7043b9a9ebbd300caeb6043,3,9.3,9.3,APROVADO,4,PENSAMENTO COMPUTACIONAL,2020.1
225,51702,4c8332ba35270e0548bf96e140e06697,2,0.0,0.0,REPROVADO POR MÉDIA E POR FALTAS,54,PENSAMENTO COMPUTACIONAL,2020.1
226,51702,4c8332ba35270e0548bf96e140e06697,1,0.0,0.0,REPROVADO POR MÉDIA E POR FALTAS,54,PENSAMENTO COMPUTACIONAL,2020.1
227,51702,4c8332ba35270e0548bf96e140e06697,3,0.0,0.0,REPROVADO POR MÉDIA E POR FALTAS,54,PENSAMENTO COMPUTACIONAL,2020.1
228,51702,7283d95e71abc51bfc75198f65161e24,1,7.2,8.3,APROVADO,6,PENSAMENTO COMPUTACIONAL,2020.1
229,51702,7283d95e71abc51bfc75198f65161e24,2,9.1,8.3,APROVADO,6,PENSAMENTO COMPUTACIONAL,2020.1
230,51702,7283d95e71abc51bfc75198f65161e24,3,8.5,8.3,APROVADO,6,PENSAMENTO COMPUTACIONAL,2020.1
231,51702,822ac3a6669919090d9b6f6715950043,3,6.5,6.3,APROVADO POR NOTA,6,PENSAMENTO COMPUTACIONAL,2020.1
232,51702,822ac3a6669919090d9b6f6715950043,2,7.1,6.3,APROVADO POR NOTA,6,PENSAMENTO COMPUTACIONAL,2020.1
233,51702,822ac3a6669919090d9b6f6715950043,1,5.2,6.3,APROVADO POR NOTA,6,PENSAMENTO COMPUTACIONAL,2020.1
234,51702,07d3def860c9782050a44b9b237b2490,1,0.0,0.0,REPROVADO POR MÉDIA E POR FALTAS,50,PENSAMENTO COMPUTACIONAL,2020.1
235,51702,07d3def860c9782050a44b9b237b2490,2,0.0,0.0,REPROVADO POR MÉDIA E POR FALTAS,50,PENSAMENTO COMPUTACIONAL,2020.1
236,51702,07d3def860c9782050a44b9b237b2490,3,0.0,0.0,REPROVADO POR MÉDIA E POR FALTAS,50,PENSAMENTO COMPUTACIONAL,2020.1
237,51702,63df50e61ebad8e3d17a61e4a200b905,1,1.0,1.9,REPROVADO,10,PENSAMENTO COMPUTACIONAL,2020.1
238,51702,63df50e61ebad8e3d17a61e4a200b905,2,2.4,1.9,REPROVADO,10,PENSAMENTO COMPUTACIONAL,2020.1
239,51702,63df50e61ebad8e3d17a61e4a200b905,3,2.2,1.9,REPROVADO,10,PENSAMENTO COMPUTACIONAL,2020.1
240,51702,dd3a227e9386c4ee3000e8f011a5e386,1,0.0,0.0,REPROVADO POR MÉDIA E POR FALTAS,50,PENSAMENTO COMPUTACIONAL,2020.1
241,51702,dd3a227e9386c4ee3000e8f011a5e386,2,0.0,0.0,REPROVADO POR MÉDIA E POR FALTAS,50,PENSAMENTO COMPUTACIONAL,2020.1
242,51702,dd3a227e9386c4ee3000e8f011a5e386,3,0.0,0.0,REPROVADO POR MÉDIA E POR FALTAS,50,PENSAMENTO COMPUTACIONAL,2020.1
243,51702,f7c922e7953f1a0956e8e381c082e26d,1,0.0,0.0,REPROVADO POR MÉDIA E POR FALTAS,48,PENSAMENTO COMPUTACIONAL,2020.1
244,51702,f7c922e7953f1a0956e8e381c082e26d,2,0.0,0.0,REPROVADO POR MÉDIA E POR FALTAS,48,PENSAMENTO COMPUTACIONAL,2020.1
245,51702,f7c922e7953f1a0956e8e381c082e26d,3,0.0,0.0,REPROVADO POR MÉDIA E POR FALTAS,48,PENSAMENTO COMPUTACIONAL,2020.1
246,51702,a0710ace7603ebd9f4406bf3c8573257,2,8.4,8.6,APROVADO,6,PENSAMENTO COMPUTACIONAL,2020.1
247,51702,a0710ace7603ebd9f4406bf3c8573257,3,8.6,8.6,APROVADO,6,PENSAMENTO COMPUTACIONAL,2020.1
248,51702,a0710ace7603ebd9f4406bf3c8573257,1,8.8,8.6,APROVADO,6,PENSAMENTO COMPUTACIONAL,2020.1
249,51702,9474adf50aa9fddb9b4090f4ad193d75,1,2.7,0.9,REPROVADO POR MÉDIA E POR FALTAS,40,PENSAMENTO COMPUTACIONAL,2020.1
250,51702,9474adf50aa9fddb9b4090f4ad193d75,2,0.0,0.9,REPROVADO POR MÉDIA E POR FALTAS,40,PENSAMENTO COMPUTACIONAL,2020.1
251,51702,9474adf50aa9fddb9b4090f4ad193d75,3,0.0,0.9,REPROVADO POR MÉDIA E POR FALTAS,40,PENSAMENTO COMPUTACIONAL,2020.1
252,51702,ea422d829ecde091fd79f9e913214fa4,1,2.9,1.0,REPROVADO POR MÉDIA E POR FALTAS,30,PENSAMENTO COMPUTACIONAL,2020.1
253,51702,ea422d829ecde091fd79f9e913214fa4,2,0.0,1.0,REPROVADO POR MÉDIA E POR FALTAS,30,PENSAMENTO COMPUTACIONAL,2020.1
254,51702,ea422d829ecde091fd79f9e913214fa4,3,0.0,1.0,REPROVADO POR MÉDIA E POR FALTAS,30,PENSAMENTO COMPUTACIONAL,2020.1
255,51702,d2de3611b78fda7b6d0f34c2a661e6db,3,5.4,5.2,APROVADO POR NOTA,6,PENSAMENTO COMPUTACIONAL,2020.1
256,51702,d2de3611b78fda7b6d0f34c2a661e6db,1,4.6,5.2,APROVADO POR NOTA,6,PENSAMENTO COMPUTACIONAL,2020.1
257,51702,d2de3611b78fda7b6d0f34c2a661e6db,2,5.6,5.2,APROVADO POR NOTA,6,PENSAMENTO COMPUTACIONAL,2020.1
258,51702,fd1f251486cdbcfe87d1c106da976e0e,1,9.2,9.6,APROVADO,2,PENSAMENTO COMPUTACIONAL,2020.1
259,51702,fd1f251486cdbcfe87d1c106da976e0e,2,9.9,9.6,APROVADO,2,PENSAMENTO COMPUTACIONAL,2020.1
260,51702,fd1f251486cdbcfe87d1c106da976e0e,3,9.6,9.6,APROVADO,2,PENSAMENTO COMPUTACIONAL,2020.1
261,51702,25809ed9abd3fd21febf851bb2ed8489,1,4.0,5.0,APROVADO POR NOTA,4,PENSAMENTO COMPUTACIONAL,2020.1
262,51702,25809ed9abd3fd21febf851bb2ed8489,2,5.7,5.0,APROVADO POR NOTA,4,PENSAMENTO COMPUTACIONAL,2020.1
263,51702,25809ed9abd3fd21febf851bb2ed8489,3,5.2,5.0,APROVADO POR NOTA,4,PENSAMENTO COMPUTACIONAL,2020.1
264,51702,1bf83061d38975d5ad58ea31a6865ef1,1,9.9,8.8,APROVADO,2,PENSAMENTO COMPUTACIONAL,2020.1
265,51702,1bf83061d38975d5ad58ea31a6865ef1,3,8.5,8.8,APROVADO,2,PENSAMENTO COMPUTACIONAL,2020.1
266,51702,1bf83061d38975d5ad58ea31a6865ef1,2,8.1,8.8,APROVADO,2,PENSAMENTO COMPUTACIONAL,2020.1
267,51698,23a6208adcb57e82a6b62d1f98794cc3,2,6.3,6.4,APROVADO POR NOTA,2,PENSAMENTO COMPUTACIONAL,2020.1
268,51698,23a6208adcb57e82a6b62d1f98794cc3,3,9.3,6.4,APROVADO POR NOTA,2,PENSAMENTO COMPUTACIONAL,2020.1
269,51698,23a6208adcb57e82a6b62d1f98794cc3,1,3.5,6.4,APROVADO POR NOTA,2,PENSAMENTO COMPUTACIONAL,2020.1
270,51698,4aaae07b791cc90c121d65424ccd99ef,3,7.7,7.9,APROVADO,0,PENSAMENTO COMPUTACIONAL,2020.1
271,51698,4aaae07b791cc90c121d65424ccd99ef,1,6.5,7.9,APROVADO,0,PENSAMENTO COMPUTACIONAL,2020.1
272,51698,4aaae07b791cc90c121d65424ccd99ef,2,9.6,7.9,APROVADO,0,PENSAMENTO COMPUTACIONAL,2020.1
273,51698,7f56c7599db7eaf31b1f79020f66c3df,2,1.0,6.5,APROVADO POR NOTA,18,PENSAMENTO COMPUTACIONAL,2020.1
274,51698,7f56c7599db7eaf31b1f79020f66c3df,3,6.0,6.5,APROVADO POR NOTA,18,PENSAMENTO COMPUTACIONAL,2020.1
275,51698,7f56c7599db7eaf31b1f79020f66c3df,1,9.4,6.5,APROVADO POR NOTA,18,PENSAMENTO COMPUTACIONAL,2020.1
276,51698,4edca602d691176452c194f3cd4e2e2f,3,8.0,8.2,APROVADO,0,PENSAMENTO COMPUTACIONAL,2020.1
277,51698,4edca602d691176452c194f3cd4e2e2f,1,6.7,8.2,APROVADO,0,PENSAMENTO COMPUTACIONAL,2020.1
278,51698,4edca602d691176452c194f3cd4e2e2f,2,10.0,8.2,APROVADO,0,PENSAMENTO COMPUTACIONAL,2020.1
279,51698,2ec0c6eaddf32875a31fa69703d4450c,2,9.0,9.1,APROVADO,0,PENSAMENTO COMPUTACIONAL,2020.1
280,51698,2ec0c6eaddf32875a31fa69703d4450c,3,8.8,9.1,APROVADO,0,PENSAMENTO COMPUTACIONAL,2020.1
281,51698,2ec0c6eaddf32875a31fa69703d4450c,1,9.4,9.1,APROVADO,0,PENSAMENTO COMPUTACIONAL,2020.1
282,51698,29b4be4a293d9a96bba022adbea455f1,1,7.8,9.0,APROVADO,2,PENSAMENTO COMPUTACIONAL,2020.1
283,51698,29b4be4a293d9a96bba022adbea455f1,2,9.5,9.0,APROVADO,2,PENSAMENTO COMPUTACIONAL,2020.1
284,51698,29b4be4a293d9a96bba022adbea455f1,3,9.8,9.0,APROVADO,2,PENSAMENTO COMPUTACIONAL,2020.1
285,51698,9bd3acbd12d5b35913fdbe21328c96cb,1,8.1,9.1,APROVADO,0,PENSAMENTO COMPUTACIONAL,2020.1
286,51698,9bd3acbd12d5b35913fdbe21328c96cb,2,9.4,9.1,APROVADO,0,PENSAMENTO COMPUTACIONAL,2020.1
287,51698,9bd3acbd12d5b35913fdbe21328c96cb,3,9.8,9.1,APROVADO,0,PENSAMENTO COMPUTACIONAL,2020.1
288,51698,c71010a75ec4bac4d1df216625c18355,3,8.1,5.7,APROVADO POR NOTA,4,PENSAMENTO COMPUTACIONAL,2020.1
289,51698,c71010a75ec4bac4d1df216625c18355,1,4.4,5.7,APROVADO POR NOTA,4,PENSAMENTO COMPUTACIONAL,2020.1
290,51698,c71010a75ec4bac4d1df216625c18355,2,4.6,5.7,APROVADO POR NOTA,4,PENSAMENTO COMPUTACIONAL,2020.1
291,51698,d30b726b6d4e11ab39436e72202cfe7f,1,2.8,6.5,APROVADO POR NOTA,18,PENSAMENTO COMPUTACIONAL,2020.1
292,51698,d30b726b6d4e11ab39436e72202cfe7f,2,4.2,6.5,APROVADO POR NOTA,18,PENSAMENTO COMPUTACIONAL,2020.1
293,51698,d30b726b6d4e11ab39436e72202cfe7f,3,6.2,6.5,APROVADO POR NOTA,18,PENSAMENTO COMPUTACIONAL,2020.1
294,51698,1cc1439df823c48be85393eddf713a9b,1,0.0,0.0,REPROVADO POR MÉDIA E POR FALTAS,40,PENSAMENTO COMPUTACIONAL,2020.1
295,51698,1cc1439df823c48be85393eddf713a9b,2,0.0,0.0,REPROVADO POR MÉDIA E POR FALTAS,40,PENSAMENTO COMPUTACIONAL,2020.1
296,51698,1cc1439df823c48be85393eddf713a9b,3,0.0,0.0,REPROVADO POR MÉDIA E POR FALTAS,40,PENSAMENTO COMPUTACIONAL,2020.1
297,51698,e9580c34abdba5260a8fe056f0a4f0ab,2,5.0,4.8,CANCELADO,14,PENSAMENTO COMPUTACIONAL,2020.1
298,51698,e9580c34abdba5260a8fe056f0a4f0ab,1,4.3,4.8,CANCELADO,14,PENSAMENTO COMPUTACIONAL,2020.1
299,51698,e9580c34abdba5260a8fe056f0a4f0ab,3,5.0,4.8,CANCELADO,14,PENSAMENTO COMPUTACIONAL,2020.1
300,51698,c6e43c55b53b78d1d041bc25ff254997,1,7.2,6.2,APROVADO POR NOTA,8,PENSAMENTO COMPUTACIONAL,2020.1
301,51698,c6e43c55b53b78d1d041bc25ff254997,2,6.8,6.2,APROVADO POR NOTA,8,PENSAMENTO COMPUTACIONAL,2020.1
302,51698,c6e43c55b53b78d1d041bc25ff254997,3,4.6,6.2,APROVADO POR NOTA,8,PENSAMENTO COMPUTACIONAL,2020.1
303,51698,ec385e15ed3b666ba2dc49d3e5fa5470,2,10.0,7.9,APROVADO,0,PENSAMENTO COMPUTACIONAL,2020.1
304,51698,ec385e15ed3b666ba2dc49d3e5fa5470,3,7.2,7.9,APROVADO,0,PENSAMENTO COMPUTACIONAL,2020.1
305,51698,ec385e15ed3b666ba2dc49d3e5fa5470,1,6.5,7.9,APROVADO,0,PENSAMENTO COMPUTACIONAL,2020.1
306,51698,1c27a0a705f91c9495e3af80e586080c,1,8.0,9.2,APROVADO,0,PENSAMENTO COMPUTACIONAL,2020.1
307,51698,1c27a0a705f91c9495e3af80e586080c,2,9.7,9.2,APROVADO,0,PENSAMENTO COMPUTACIONAL,2020.1
308,51698,1c27a0a705f91c9495e3af80e586080c,3,10.0,9.2,APROVADO,0,PENSAMENTO COMPUTACIONAL,2020.1
309,51698,789833d397b5f48503b54bfd6df0dfdd,1,7.4,7.4,APROVADO,2,PENSAMENTO COMPUTACIONAL,2020.1
310,51698,789833d397b5f48503b54bfd6df0dfdd,2,7.7,7.4,APROVADO,2,PENSAMENTO COMPUTACIONAL,2020.1
311,51698,789833d397b5f48503b54bfd6df0dfdd,3,7.2,7.4,APROVADO,2,PENSAMENTO COMPUTACIONAL,2020.1
312,51698,f0d9c3fe211987dd5dbdb097516cc1a3,1,6.9,8.2,APROVADO,2,PENSAMENTO COMPUTACIONAL,2020.1
313,51698,f0d9c3fe211987dd5dbdb097516cc1a3,2,10.0,8.2,APROVADO,2,PENSAMENTO COMPUTACIONAL,2020.1
314,51698,f0d9c3fe211987dd5dbdb097516cc1a3,3,7.8,8.2,APROVADO,2,PENSAMENTO COMPUTACIONAL,2020.1
315,51698,c1a9a719b8a45d3ae5dddafab95af154,1,8.4,9.3,APROVADO,0,PENSAMENTO COMPUTACIONAL,2020.1
316,51698,c1a9a719b8a45d3ae5dddafab95af154,2,9.5,9.3,APROVADO,0,PENSAMENTO COMPUTACIONAL,2020.1
317,51698,c1a9a719b8a45d3ae5dddafab95af154,3,10.0,9.3,APROVADO,0,PENSAMENTO COMPUTACIONAL,2020.1
318,51698,1eb6afdf65a6763f47c35d65899e3b2d,1,7.3,7.0,APROVADO,16,PENSAMENTO COMPUTACIONAL,2020.1
319,51698,1eb6afdf65a6763f47c35d65899e3b2d,2,4.7,7.0,APROVADO,16,PENSAMENTO COMPUTACIONAL,2020.1
320,51698,1eb6afdf65a6763f47c35d65899e3b2d,3,8.9,7.0,APROVADO,16,PENSAMENTO COMPUTACIONAL,2020.1
321,51698,3fde018af81ba7dd849ecaf68d732104,1,9.0,7.7,APROVADO,6,PENSAMENTO COMPUTACIONAL,2020.1
322,51698,3fde018af81ba7dd849ecaf68d732104,2,8.1,7.7,APROVADO,6,PENSAMENTO COMPUTACIONAL,2020.1
323,51698,3fde018af81ba7dd849ecaf68d732104,3,6.0,7.7,APROVADO,6,PENSAMENTO COMPUTACIONAL,2020.1
324,51698,337342ce56b54cd56329f86420c213db,1,8.1,8.7,APROVADO,2,PENSAMENTO COMPUTACIONAL,2020.1
325,51698,337342ce56b54cd56329f86420c213db,2,7.9,8.7,APROVADO,2,PENSAMENTO COMPUTACIONAL,2020.1
326,51698,337342ce56b54cd56329f86420c213db,3,10.0,8.7,APROVADO,2,PENSAMENTO COMPUTACIONAL,2020.1
327,51698,ffb441233bb2cc84a5114b8a2997f876,3,5.0,5.4,APROVADO POR NOTA,18,PENSAMENTO COMPUTACIONAL,2020.1
328,51698,ffb441233bb2cc84a5114b8a2997f876,1,5.3,5.4,APROVADO POR NOTA,18,PENSAMENTO COMPUTACIONAL,2020.1
329,51698,ffb441233bb2cc84a5114b8a2997f876,2,5.9,5.4,APROVADO POR NOTA,18,PENSAMENTO COMPUTACIONAL,2020.1
330,51698,57d877db676dc82cdcab9cdf8e1295cc,3,10.0,9.9,APROVADO,0,PENSAMENTO COMPUTACIONAL,2020.1
331,51698,57d877db676dc82cdcab9cdf8e1295cc,1,9.8,9.9,APROVADO,0,PENSAMENTO COMPUTACIONAL,2020.1
332,51698,57d877db676dc82cdcab9cdf8e1295cc,2,10.0,9.9,APROVADO,0,PENSAMENTO COMPUTACIONAL,2020.1
333,51698,3e4272853aefd5eef9ea4cbc4dddf7b9,1,5.9,7.4,APROVADO,0,PENSAMENTO COMPUTACIONAL,2020.1
334,51698,3e4272853aefd5eef9ea4cbc4dddf7b9,2,7.5,7.4,APROVADO,0,PENSAMENTO COMPUTACIONAL,2020.1
335,51698,3e4272853aefd5eef9ea4cbc4dddf7b9,3,8.8,7.4,APROVADO,0,PENSAMENTO COMPUTACIONAL,2020.1
336,51698,4b57f8653531060be0c4b8b650490148,1,2.1,0.7,REPROVADO POR MÉDIA E POR FALTAS,33,PENSAMENTO COMPUTACIONAL,2020.1
337,51698,4b57f8653531060be0c4b8b650490148,2,0.0,0.7,REPROVADO POR MÉDIA E POR FALTAS,33,PENSAMENTO COMPUTACIONAL,2020.1
338,51698,4b57f8653531060be0c4b8b650490148,3,0.0,0.7,REPROVADO POR MÉDIA E POR FALTAS,33,PENSAMENTO COMPUTACIONAL,2020.1
339,51698,cae32ba916d1fc307ab586f54c3251fb,1,5.9,6.0,APROVADO POR NOTA,6,PENSAMENTO COMPUTACIONAL,2020.1
340,51698,cae32ba916d1fc307ab586f54c3251fb,2,4.3,6.0,APROVADO POR NOTA,6,PENSAMENTO COMPUTACIONAL,2020.1
341,51698,cae32ba916d1fc307ab586f54c3251fb,3,7.7,6.0,APROVADO POR NOTA,6,PENSAMENTO COMPUTACIONAL,2020.1
342,51698,f8bb67a021dc4a124a4a19ce69afafa8,1,6.4,2.7,REPROVADO,16,PENSAMENTO COMPUTACIONAL,2020.1
343,51698,f8bb67a021dc4a124a4a19ce69afafa8,2,1.6,2.7,REPROVADO,16,PENSAMENTO COMPUTACIONAL,2020.1
344,51698,f8bb67a021dc4a124a4a19ce69afafa8,3,0.0,2.7,REPROVADO,16,PENSAMENTO COMPUTACIONAL,2020.1
345,51698,955b0a5b790aa08ce51f891158e801db,3,6.3,6.0,APROVADO POR NOTA,8,PENSAMENTO COMPUTACIONAL,2020.1
346,51698,955b0a5b790aa08ce51f891158e801db,1,7.2,6.0,APROVADO POR NOTA,8,PENSAMENTO COMPUTACIONAL,2020.1
347,51698,955b0a5b790aa08ce51f891158e801db,2,4.5,6.0,APROVADO POR NOTA,8,PENSAMENTO COMPUTACIONAL,2020.1
348,51698,ff27167c2cdd8a5ec6eaa1e9ff3b9416,1,9.8,9.1,APROVADO,6,PENSAMENTO COMPUTACIONAL,2020.1
349,51698,ff27167c2cdd8a5ec6eaa1e9ff3b9416,3,7.8,9.1,APROVADO,6,PENSAMENTO COMPUTACIONAL,2020.1
350,51698,ff27167c2cdd8a5ec6eaa1e9ff3b9416,2,9.7,9.1,APROVADO,6,PENSAMENTO COMPUTACIONAL,2020.1
351,51698,2993a079a0ba64943ffacbb9cc80e002,1,8.5,9.5,APROVADO,0,PENSAMENTO COMPUTACIONAL,2020.1
352,51698,2993a079a0ba64943ffacbb9cc80e002,2,10.0,9.5,APROVADO,0,PENSAMENTO COMPUTACIONAL,2020.1
353,51698,2993a079a0ba64943ffacbb9cc80e002,3,10.0,9.5,APROVADO,0,PENSAMENTO COMPUTACIONAL,2020.1
354,51698,2f30a097cd9257243d20473fca563ca9,2,8.6,8.4,APROVADO,0,PENSAMENTO COMPUTACIONAL,2020.1
355,51698,2f30a097cd9257243d20473fca563ca9,3,9.2,8.4,APROVADO,0,PENSAMENTO COMPUTACIONAL,2020.1
356,51698,2f30a097cd9257243d20473fca563ca9,1,7.5,8.4,APROVADO,0,PENSAMENTO COMPUTACIONAL,2020.1
357,51698,ad5652f6412f70fa722235dc518b1b96,3,0.0,1.4,REPROVADO POR MÉDIA E POR FALTAS,22,PENSAMENTO COMPUTACIONAL,2020.1
358,51698,ad5652f6412f70fa722235dc518b1b96,1,3.0,1.4,REPROVADO POR MÉDIA E POR FALTAS,22,PENSAMENTO COMPUTACIONAL,2020.1
359,51698,ad5652f6412f70fa722235dc518b1b96,2,1.2,1.4,REPROVADO POR MÉDIA E POR FALTAS,22,PENSAMENTO COMPUTACIONAL,2020.1
360,51698,c487229c2619882638e85add4ba7454d,1,7.9,2.6,REPROVADO POR MÉDIA E POR FALTAS,24,PENSAMENTO COMPUTACIONAL,2020.1
361,51698,c487229c2619882638e85add4ba7454d,2,0.0,2.6,REPROVADO POR MÉDIA E POR FALTAS,24,PENSAMENTO COMPUTACIONAL,2020.1
362,51698,c487229c2619882638e85add4ba7454d,3,0.0,2.6,REPROVADO POR MÉDIA E POR FALTAS,24,PENSAMENTO COMPUTACIONAL,2020.1
363,51698,d10ea9b3f442c2d8cb4a4346f1ad9d84,1,4.8,1.6,REPROVADO POR MÉDIA E POR FALTAS,26,PENSAMENTO COMPUTACIONAL,2020.1
364,51698,d10ea9b3f442c2d8cb4a4346f1ad9d84,2,0.0,1.6,REPROVADO POR MÉDIA E POR FALTAS,26,PENSAMENTO COMPUTACIONAL,2020.1
365,51698,d10ea9b3f442c2d8cb4a4346f1ad9d84,3,0.0,1.6,REPROVADO POR MÉDIA E POR FALTAS,26,PENSAMENTO COMPUTACIONAL,2020.1
366,51698,6ffb795f81d43addb1c46f664095dc0b,1,6.1,2.5,REPROVADO POR MÉDIA E POR FALTAS,22,PENSAMENTO COMPUTACIONAL,2020.1
367,51698,6ffb795f81d43addb1c46f664095dc0b,2,1.4,2.5,REPROVADO POR MÉDIA E POR FALTAS,22,PENSAMENTO COMPUTACIONAL,2020.1
368,51698,6ffb795f81d43addb1c46f664095dc0b,3,0.0,2.5,REPROVADO POR MÉDIA E POR FALTAS,22,PENSAMENTO COMPUTACIONAL,2020.1
369,51698,1f9b473e74197337d9edc1e3cf8f3454,1,2.7,0.9,REPROVADO POR MÉDIA E POR FALTAS,26,PENSAMENTO COMPUTACIONAL,2020.1
370,51698,1f9b473e74197337d9edc1e3cf8f3454,2,0.0,0.9,REPROVADO POR MÉDIA E POR FALTAS,26,PENSAMENTO COMPUTACIONAL,2020.1
371,51698,1f9b473e74197337d9edc1e3cf8f3454,3,0.0,0.9,REPROVADO POR MÉDIA E POR FALTAS,26,PENSAMENTO COMPUTACIONAL,2020.1
372,51698,4700630f4ed5e4a0495d4a3dc9144093,1,0.0,0.0,REPROVADO POR MÉDIA E POR FALTAS,54,PENSAMENTO COMPUTACIONAL,2020.1
373,51698,4700630f4ed5e4a0495d4a3dc9144093,2,0.0,0.0,REPROVADO POR MÉDIA E POR FALTAS,54,PENSAMENTO COMPUTACIONAL,2020.1
374,51698,4700630f4ed5e4a0495d4a3dc9144093,3,0.0,0.0,REPROVADO POR MÉDIA E POR FALTAS,54,PENSAMENTO COMPUTACIONAL,2020.1
375,51698,be087c1bcc9040c344a4bf53b0b970be,1,6.3,3.5,REPROVADO,2,PENSAMENTO COMPUTACIONAL,2020.1
376,51698,be087c1bcc9040c344a4bf53b0b970be,2,2.6,3.5,REPROVADO,2,PENSAMENTO COMPUTACIONAL,2020.1
377,51698,be087c1bcc9040c344a4bf53b0b970be,3,1.7,3.5,REPROVADO,2,PENSAMENTO COMPUTACIONAL,2020.1
378,51698,59e4c2df9e8204dcbe9aa584da74f134,1,2.0,0.7,REPROVADO POR MÉDIA E POR FALTAS,32,PENSAMENTO COMPUTACIONAL,2020.1
379,51698,59e4c2df9e8204dcbe9aa584da74f134,2,0.0,0.7,REPROVADO POR MÉDIA E POR FALTAS,32,PENSAMENTO COMPUTACIONAL,2020.1
380,51698,59e4c2df9e8204dcbe9aa584da74f134,3,0.0,0.7,REPROVADO POR MÉDIA E POR FALTAS,32,PENSAMENTO COMPUTACIONAL,2020.1
381,51711,f1ab7b18ca51d0438b950ccf4525e341,1,10.0,9.7,APROVADO,0,PENSAMENTO COMPUTACIONAL,2020.1
382,51711,f1ab7b18ca51d0438b950ccf4525e341,2,10.0,9.7,APROVADO,0,PENSAMENTO COMPUTACIONAL,2020.1
383,51711,f1ab7b18ca51d0438b950ccf4525e341,3,9.0,9.7,APROVADO,0,PENSAMENTO COMPUTACIONAL,2020.1
384,51711,2a298d5d0028de2b761c94375e8ae659,1,10.0,10.0,APROVADO,0,PENSAMENTO COMPUTACIONAL,2020.1
385,51711,2a298d5d0028de2b761c94375e8ae659,2,10.0,10.0,APROVADO,0,PENSAMENTO COMPUTACIONAL,2020.1
386,51711,2a298d5d0028de2b761c94375e8ae659,3,10.0,10.0,APROVADO,0,PENSAMENTO COMPUTACIONAL,2020.1
387,51711,dded10d97b28856da39c8b8a2e3bc41a,2,9.5,7.2,APROVADO,0,PENSAMENTO COMPUTACIONAL,2020.1
388,51711,dded10d97b28856da39c8b8a2e3bc41a,3,8.5,7.2,APROVADO,0,PENSAMENTO COMPUTACIONAL,2020.1
389,51711,dded10d97b28856da39c8b8a2e3bc41a,1,3.5,7.2,APROVADO,0,PENSAMENTO COMPUTACIONAL,2020.1
390,51711,2c8f2ee1c6312a4156491d8bc8d10850,2,0.0,0.0,REPROVADO POR MÉDIA E POR FALTAS,38,PENSAMENTO COMPUTACIONAL,2020.1
391,51711,2c8f2ee1c6312a4156491d8bc8d10850,3,0.0,0.0,REPROVADO POR MÉDIA E POR FALTAS,38,PENSAMENTO COMPUTACIONAL,2020.1
392,51711,2c8f2ee1c6312a4156491d8bc8d10850,1,0.0,0.0,REPROVADO POR MÉDIA E POR FALTAS,38,PENSAMENTO COMPUTACIONAL,2020.1
393,51711,d5a4059606095a141a722a085f88da51,1,8.0,8.7,APROVADO,0,PENSAMENTO COMPUTACIONAL,2020.1
394,51711,d5a4059606095a141a722a085f88da51,3,8.5,8.7,APROVADO,0,PENSAMENTO COMPUTACIONAL,2020.1
395,51711,d5a4059606095a141a722a085f88da51,2,9.5,8.7,APROVADO,0,PENSAMENTO COMPUTACIONAL,2020.1
396,51711,1d3393fab97974ccd15e496e66df6d09,1,6.3,2.1,REPROVADO POR MÉDIA E POR FALTAS,22,PENSAMENTO COMPUTACIONAL,2020.1
397,51711,1d3393fab97974ccd15e496e66df6d09,2,0.0,2.1,REPROVADO POR MÉDIA E POR FALTAS,22,PENSAMENTO COMPUTACIONAL,2020.1
398,51711,1d3393fab97974ccd15e496e66df6d09,3,0.0,2.1,REPROVADO POR MÉDIA E POR FALTAS,22,PENSAMENTO COMPUTACIONAL,2020.1
399,51711,85d927d6221af7db400146c468750f0a,1,10.0,7.0,APROVADO,0,PENSAMENTO COMPUTACIONAL,2020.1
400,51711,85d927d6221af7db400146c468750f0a,3,7.0,7.0,APROVADO,0,PENSAMENTO COMPUTACIONAL,2020.1
401,51711,85d927d6221af7db400146c468750f0a,2,4.0,7.0,APROVADO,0,PENSAMENTO COMPUTACIONAL,2020.1
402,51711,e5b6fab590e71b32088442723186af4e,1,0.0,0.0,REPROVADO POR MÉDIA E POR FALTAS,26,PENSAMENTO COMPUTACIONAL,2020.1
403,51711,e5b6fab590e71b32088442723186af4e,2,0.0,0.0,REPROVADO POR MÉDIA E POR FALTAS,26,PENSAMENTO COMPUTACIONAL,2020.1
404,51711,e5b6fab590e71b32088442723186af4e,3,0.0,0.0,REPROVADO POR MÉDIA E POR FALTAS,26,PENSAMENTO COMPUTACIONAL,2020.1
405,51711,550f8ae1246d25442b2c9aa495653797,1,0.0,0.0,REPROVADO POR MÉDIA E POR FALTAS,38,PENSAMENTO COMPUTACIONAL,2020.1
406,51711,550f8ae1246d25442b2c9aa495653797,2,0.0,0.0,REPROVADO POR MÉDIA E POR FALTAS,38,PENSAMENTO COMPUTACIONAL,2020.1
407,51711,550f8ae1246d25442b2c9aa495653797,3,0.0,0.0,REPROVADO POR MÉDIA E POR FALTAS,38,PENSAMENTO COMPUTACIONAL,2020.1
408,51711,f884774a1cf5ca17bde6db23a36438c2,1,0.0,0.0,REPROVADO POR MÉDIA E POR FALTAS,32,PENSAMENTO COMPUTACIONAL,2020.1
409,51711,f884774a1cf5ca17bde6db23a36438c2,2,0.0,0.0,REPROVADO POR MÉDIA E POR FALTAS,32,PENSAMENTO COMPUTACIONAL,2020.1
410,51711,f884774a1cf5ca17bde6db23a36438c2,3,0.0,0.0,REPROVADO POR MÉDIA E POR FALTAS,32,PENSAMENTO COMPUTACIONAL,2020.1
411,51711,08dac8f878e3467047507dc5a06780d8,1,10.0,9.7,APROVADO,0,PENSAMENTO COMPUTACIONAL,2020.1
412,51711,08dac8f878e3467047507dc5a06780d8,2,9.0,9.7,APROVADO,0,PENSAMENTO COMPUTACIONAL,2020.1
413,51711,08dac8f878e3467047507dc5a06780d8,3,10.0,9.7,APROVADO,0,PENSAMENTO COMPUTACIONAL,2020.1
414,51711,190f81a1d20ff08e977107187010115e,1,0.0,0.0,REPROVADO POR MÉDIA E POR FALTAS,20,PENSAMENTO COMPUTACIONAL,2020.1
415,51711,190f81a1d20ff08e977107187010115e,2,0.0,0.0,REPROVADO POR MÉDIA E POR FALTAS,20,PENSAMENTO COMPUTACIONAL,2020.1
416,51711,190f81a1d20ff08e977107187010115e,3,0.0,0.0,REPROVADO POR MÉDIA E POR FALTAS,20,PENSAMENTO COMPUTACIONAL,2020.1
417,51711,ed95c34683a5a91b69fb3d3dd847762f,1,10.0,9.0,APROVADO,0,PENSAMENTO COMPUTACIONAL,2020.1
418,51711,ed95c34683a5a91b69fb3d3dd847762f,2,10.0,9.0,APROVADO,0,PENSAMENTO COMPUTACIONAL,2020.1
419,51711,ed95c34683a5a91b69fb3d3dd847762f,3,7.0,9.0,APROVADO,0,PENSAMENTO COMPUTACIONAL,2020.1
420,51711,7d9864b2950f06cda2fcce50111a060e,3,7.0,8.7,APROVADO,0,PENSAMENTO COMPUTACIONAL,2020.1
421,51711,7d9864b2950f06cda2fcce50111a060e,1,10.0,8.7,APROVADO,0,PENSAMENTO COMPUTACIONAL,2020.1
422,51711,7d9864b2950f06cda2fcce50111a060e,2,9.0,8.7,APROVADO,0,PENSAMENTO COMPUTACIONAL,2020.1
423,51711,837aae6b40180751e3853c6c093b840d,1,0.0,0.0,REPROVADO POR MÉDIA E POR FALTAS,38,PENSAMENTO COMPUTACIONAL,2020.1
424,51711,837aae6b40180751e3853c6c093b840d,2,0.0,0.0,REPROVADO POR MÉDIA E POR FALTAS,38,PENSAMENTO COMPUTACIONAL,2020.1
425,51711,837aae6b40180751e3853c6c093b840d,3,0.0,0.0,REPROVADO POR MÉDIA E POR FALTAS,38,PENSAMENTO COMPUTACIONAL,2020.1
426,51711,e469fe366dc09363bd65b8fd157b6032,1,4.9,7.6,APROVADO,0,PENSAMENTO COMPUTACIONAL,2020.1
427,51711,e469fe366dc09363bd65b8fd157b6032,2,9.5,7.6,APROVADO,0,PENSAMENTO COMPUTACIONAL,2020.1
428,51711,e469fe366dc09363bd65b8fd157b6032,3,8.5,7.6,APROVADO,0,PENSAMENTO COMPUTACIONAL,2020.1
429,51711,86e58094e8acf87bc2c760cf95e781c1,1,8.8,8.3,APROVADO,0,PENSAMENTO COMPUTACIONAL,2020.1
430,51711,86e58094e8acf87bc2c760cf95e781c1,2,9.0,8.3,APROVADO,0,PENSAMENTO COMPUTACIONAL,2020.1
431,51711,86e58094e8acf87bc2c760cf95e781c1,3,7.0,8.3,APROVADO,0,PENSAMENTO COMPUTACIONAL,2020.1
432,51711,7f36b1e1c8a8634e2d5399e581f70b3e,1,0.0,0.0,REPROVADO POR MÉDIA E POR FALTAS,28,PENSAMENTO COMPUTACIONAL,2020.1
433,51711,7f36b1e1c8a8634e2d5399e581f70b3e,2,0.0,0.0,REPROVADO POR MÉDIA E POR FALTAS,28,PENSAMENTO COMPUTACIONAL,2020.1
434,51711,7f36b1e1c8a8634e2d5399e581f70b3e,3,0.0,0.0,REPROVADO POR MÉDIA E POR FALTAS,28,PENSAMENTO COMPUTACIONAL,2020.1
435,51711,d097733b704c9911a8eb44d033b04aff,1,9.4,9.8,APROVADO,0,PENSAMENTO COMPUTACIONAL,2020.1
436,51711,d097733b704c9911a8eb44d033b04aff,2,10.0,9.8,APROVADO,0,PENSAMENTO COMPUTACIONAL,2020.1
437,51711,d097733b704c9911a8eb44d033b04aff,3,10.0,9.8,APROVADO,0,PENSAMENTO COMPUTACIONAL,2020.1
438,51711,00bd3df883bbe07a9278bd6577bfa0af,1,0.0,0.0,REPROVADO POR MÉDIA E POR FALTAS,38,PENSAMENTO COMPUTACIONAL,2020.1
439,51711,00bd3df883bbe07a9278bd6577bfa0af,2,0.0,0.0,REPROVADO POR MÉDIA E POR FALTAS,38,PENSAMENTO COMPUTACIONAL,2020.1
440,51711,00bd3df883bbe07a9278bd6577bfa0af,3,0.0,0.0,REPROVADO POR MÉDIA E POR FALTAS,38,PENSAMENTO COMPUTACIONAL,2020.1
441,51711,67121a4c622da04c3d9d24f51a794e3c,3,0.0,1.1,REPROVADO POR MÉDIA E POR FALTAS,20,PENSAMENTO COMPUTACIONAL,2020.1
442,51711,67121a4c622da04c3d9d24f51a794e3c,1,3.3,1.1,REPROVADO POR MÉDIA E POR FALTAS,20,PENSAMENTO COMPUTACIONAL,2020.1
443,51711,67121a4c622da04c3d9d24f51a794e3c,2,0.0,1.1,REPROVADO POR MÉDIA E POR FALTAS,20,PENSAMENTO COMPUTACIONAL,2020.1
444,51711,f7a73135c02821904926c4342633169a,1,8.3,8.1,APROVADO,0,PENSAMENTO COMPUTACIONAL,2020.1
445,51711,f7a73135c02821904926c4342633169a,2,10.0,8.1,APROVADO,0,PENSAMENTO COMPUTACIONAL,2020.1
446,51711,f7a73135c02821904926c4342633169a,3,6.0,8.1,APROVADO,0,PENSAMENTO COMPUTACIONAL,2020.1
447,51711,6bb2335a42bdcb9a73fe38211cf6c01c,1,10.0,9.7,APROVADO,0,PENSAMENTO COMPUTACIONAL,2020.1
448,51711,6bb2335a42bdcb9a73fe38211cf6c01c,3,9.0,9.7,APROVADO,0,PENSAMENTO COMPUTACIONAL,2020.1
449,51711,6bb2335a42bdcb9a73fe38211cf6c01c,2,10.0,9.7,APROVADO,0,PENSAMENTO COMPUTACIONAL,2020.1
450,51711,490f06d6fc2e935cfd5ec3c0d5e72ae9,2,0.0,0.0,REPROVADO POR MÉDIA E POR FALTAS,30,PENSAMENTO COMPUTACIONAL,2020.1
451,51711,490f06d6fc2e935cfd5ec3c0d5e72ae9,1,0.0,0.0,REPROVADO POR MÉDIA E POR FALTAS,30,PENSAMENTO COMPUTACIONAL,2020.1
452,51711,490f06d6fc2e935cfd5ec3c0d5e72ae9,3,0.0,0.0,REPROVADO POR MÉDIA E POR FALTAS,30,PENSAMENTO COMPUTACIONAL,2020.1
453,51711,fdf162ec48d1e3d0fc9444c95f321a44,1,0.0,0.0,REPROVADO POR MÉDIA E POR FALTAS,33,PENSAMENTO COMPUTACIONAL,2020.1
454,51711,fdf162ec48d1e3d0fc9444c95f321a44,2,0.0,0.0,REPROVADO POR MÉDIA E POR FALTAS,33,PENSAMENTO COMPUTACIONAL,2020.1
455,51711,fdf162ec48d1e3d0fc9444c95f321a44,3,0.0,0.0,REPROVADO POR MÉDIA E POR FALTAS,33,PENSAMENTO COMPUTACIONAL,2020.1
456,51711,1f36d429b2ddc6bad63a53a6c40b6a92,1,0.0,0.0,REPROVADO POR MÉDIA E POR FALTAS,36,PENSAMENTO COMPUTACIONAL,2020.1
457,51711,1f36d429b2ddc6bad63a53a6c40b6a92,2,0.0,0.0,REPROVADO POR MÉDIA E POR FALTAS,36,PENSAMENTO COMPUTACIONAL,2020.1
458,51711,1f36d429b2ddc6bad63a53a6c40b6a92,3,0.0,0.0,REPROVADO POR MÉDIA E POR FALTAS,36,PENSAMENTO COMPUTACIONAL,2020.1
459,51711,bc728096d2aaa7c4e3d6bd4f3c00dc1f,3,7.0,9.0,APROVADO,0,PENSAMENTO COMPUTACIONAL,2020.1
460,51711,bc728096d2aaa7c4e3d6bd4f3c00dc1f,1,10.0,9.0,APROVADO,0,PENSAMENTO COMPUTACIONAL,2020.1
461,51711,bc728096d2aaa7c4e3d6bd4f3c00dc1f,2,10.0,9.0,APROVADO,0,PENSAMENTO COMPUTACIONAL,2020.1
462,51711,5d2b0828bab2179751c7aef8d936c647,1,10.0,9.7,APROVADO,0,PENSAMENTO COMPUTACIONAL,2020.1
463,51711,5d2b0828bab2179751c7aef8d936c647,2,10.0,9.7,APROVADO,0,PENSAMENTO COMPUTACIONAL,2020.1
464,51711,5d2b0828bab2179751c7aef8d936c647,3,9.0,9.7,APROVADO,0,PENSAMENTO COMPUTACIONAL,2020.1
465,51711,7289f8b77a5dc002bafcb695bf1a0edd,1,10.0,6.7,REPROVADO POR NOTA E FALTA,36,PENSAMENTO COMPUTACIONAL,2020.1
466,51711,7289f8b77a5dc002bafcb695bf1a0edd,2,10.0,6.7,REPROVADO POR NOTA E FALTA,36,PENSAMENTO COMPUTACIONAL,2020.1
467,51711,7289f8b77a5dc002bafcb695bf1a0edd,3,0.0,6.7,REPROVADO POR NOTA E FALTA,36,PENSAMENTO COMPUTACIONAL,2020.1
468,51711,e07ba4817a2284fedebdd7bb32fcb917,1,9.5,9.2,APROVADO,0,PENSAMENTO COMPUTACIONAL,2020.1
469,51711,e07ba4817a2284fedebdd7bb32fcb917,2,9.5,9.2,APROVADO,0,PENSAMENTO COMPUTACIONAL,2020.1
470,51711,e07ba4817a2284fedebdd7bb32fcb917,3,8.5,9.2,APROVADO,0,PENSAMENTO COMPUTACIONAL,2020.1
471,51711,46b355a00e67f6160e1392f62b2663e9,1,3.5,1.2,REPROVADO POR MÉDIA E POR FALTAS,20,PENSAMENTO COMPUTACIONAL,2020.1
472,51711,46b355a00e67f6160e1392f62b2663e9,2,0.0,1.2,REPROVADO POR MÉDIA E POR FALTAS,20,PENSAMENTO COMPUTACIONAL,2020.1
473,51711,46b355a00e67f6160e1392f62b2663e9,3,0.0,1.2,REPROVADO POR MÉDIA E POR FALTAS,20,PENSAMENTO COMPUTACIONAL,2020.1
474,51711,8a4b9676520373b7476e4abc84f8bbde,1,8.8,8.9,APROVADO,0,PENSAMENTO COMPUTACIONAL,2020.1
475,51711,8a4b9676520373b7476e4abc84f8bbde,2,9.0,8.9,APROVADO,0,PENSAMENTO COMPUTACIONAL,2020.1
476,51711,8a4b9676520373b7476e4abc84f8bbde,3,9.0,8.9,APROVADO,0,PENSAMENTO COMPUTACIONAL,2020.1
477,51711,d7c44cf4ff0334179f8192f9dd21c1df,1,0.0,0.0,REPROVADO POR MÉDIA E POR FALTAS,38,PENSAMENTO COMPUTACIONAL,2020.1
478,51711,d7c44cf4ff0334179f8192f9dd21c1df,2,0.0,0.0,REPROVADO POR MÉDIA E POR FALTAS,38,PENSAMENTO COMPUTACIONAL,2020.1
479,51711,d7c44cf4ff0334179f8192f9dd21c1df,3,0.0,0.0,REPROVADO POR MÉDIA E POR FALTAS,38,PENSAMENTO COMPUTACIONAL,2020.1
480,51711,b90bacb8faf6e918cbff28bd43c34cbc,1,8.3,2.8,REPROVADO POR MÉDIA E POR FALTAS,38,PENSAMENTO COMPUTACIONAL,2020.1
481,51711,b90bacb8faf6e918cbff28bd43c34cbc,2,0.0,2.8,REPROVADO POR MÉDIA E POR FALTAS,38,PENSAMENTO COMPUTACIONAL,2020.1
482,51711,b90bacb8faf6e918cbff28bd43c34cbc,3,0.0,2.8,REPROVADO POR MÉDIA E POR FALTAS,38,PENSAMENTO COMPUTACIONAL,2020.1
483,51711,a2191d514a16af0342145b5085916327,1,0.0,0.0,REPROVADO POR MÉDIA E POR FALTAS,38,PENSAMENTO COMPUTACIONAL,2020.1
484,51711,a2191d514a16af0342145b5085916327,2,0.0,0.0,REPROVADO POR MÉDIA E POR FALTAS,38,PENSAMENTO COMPUTACIONAL,2020.1
485,51711,a2191d514a16af0342145b5085916327,3,0.0,0.0,REPROVADO POR MÉDIA E POR FALTAS,38,PENSAMENTO COMPUTACIONAL,2020.1
486,51707,0d3cecbee41e970ab25734335a5ffbbc,2,0.0,2.2,REPROVADO,16,PENSAMENTO COMPUTACIONAL,2020.1
487,51707,0d3cecbee41e970ab25734335a5ffbbc,3,0.0,2.2,REPROVADO,16,PENSAMENTO COMPUTACIONAL,2020.1
488,51707,0d3cecbee41e970ab25734335a5ffbbc,1,6.5,2.2,REPROVADO,16,PENSAMENTO COMPUTACIONAL,2020.1
489,51707,2fb97fedc9691309ede9a8306654a3fa,1,8.3,8.4,APROVADO,10,PENSAMENTO COMPUTACIONAL,2020.1
490,51707,2fb97fedc9691309ede9a8306654a3fa,2,7.0,8.4,APROVADO,10,PENSAMENTO COMPUTACIONAL,2020.1
491,51707,2fb97fedc9691309ede9a8306654a3fa,3,0.0,8.4,APROVADO,10,PENSAMENTO COMPUTACIONAL,2020.1
492,51707,b1ff1c428fd0c0925096422d54790c05,2,8.5,9.0,APROVADO,0,PENSAMENTO COMPUTACIONAL,2020.1
493,51707,b1ff1c428fd0c0925096422d54790c05,3,8.5,9.0,APROVADO,0,PENSAMENTO COMPUTACIONAL,2020.1
494,51707,b1ff1c428fd0c0925096422d54790c05,1,10.0,9.0,APROVADO,0,PENSAMENTO COMPUTACIONAL,2020.1
495,51707,270a0b9c9f2582a9cdb2e16db4d8a839,1,9.5,8.8,APROVADO,10,PENSAMENTO COMPUTACIONAL,2020.1
496,51707,270a0b9c9f2582a9cdb2e16db4d8a839,2,8.0,8.8,APROVADO,10,PENSAMENTO COMPUTACIONAL,2020.1
497,51707,270a0b9c9f2582a9cdb2e16db4d8a839,3,9.0,8.8,APROVADO,10,PENSAMENTO COMPUTACIONAL,2020.1
498,51707,7f8348cf35f40e717807a8f0063c5398,2,0.0,0.0,REPROVADO POR MÉDIA E POR FALTAS,24,PENSAMENTO COMPUTACIONAL,2020.1
499,51707,7f8348cf35f40e717807a8f0063c5398,3,0.0,0.0,REPROVADO POR MÉDIA E POR FALTAS,24,PENSAMENTO COMPUTACIONAL,2020.1
500,51707,7f8348cf35f40e717807a8f0063c5398,1,0.0,0.0,REPROVADO POR MÉDIA E POR FALTAS,24,PENSAMENTO COMPUTACIONAL,2020.1
501,51707,27da27414c7f09b7797bc6c32e58bcf4,2,8.0,7.4,APROVADO,18,PENSAMENTO COMPUTACIONAL,2020.1
502,51707,27da27414c7f09b7797bc6c32e58bcf4,3,8.0,7.4,APROVADO,18,PENSAMENTO COMPUTACIONAL,2020.1
503,51707,27da27414c7f09b7797bc6c32e58bcf4,1,6.1,7.4,APROVADO,18,PENSAMENTO COMPUTACIONAL,2020.1
504,51707,a945f5e73eb85748f017c09080c451d2,1,0.0,0.0,CANCELADO,20,PENSAMENTO COMPUTACIONAL,2020.1
505,51707,a945f5e73eb85748f017c09080c451d2,2,0.0,0.0,CANCELADO,20,PENSAMENTO COMPUTACIONAL,2020.1
506,51707,a945f5e73eb85748f017c09080c451d2,3,0.0,0.0,CANCELADO,20,PENSAMENTO COMPUTACIONAL,2020.1
507,51707,c90713cef6db0f076733ba6c42e616cb,1,6.5,8.2,APROVADO,10,PENSAMENTO COMPUTACIONAL,2020.1
508,51707,c90713cef6db0f076733ba6c42e616cb,2,9.0,8.2,APROVADO,10,PENSAMENTO COMPUTACIONAL,2020.1
509,51707,c90713cef6db0f076733ba6c42e616cb,3,9.0,8.2,APROVADO,10,PENSAMENTO COMPUTACIONAL,2020.1
510,51707,a75e642f7dfb1edfd7da0dacbad92985,3,9.0,9.3,APROVADO,10,PENSAMENTO COMPUTACIONAL,2020.1
511,51707,a75e642f7dfb1edfd7da0dacbad92985,1,10.0,9.3,APROVADO,10,PENSAMENTO COMPUTACIONAL,2020.1
512,51707,a75e642f7dfb1edfd7da0dacbad92985,2,9.0,9.3,APROVADO,10,PENSAMENTO COMPUTACIONAL,2020.1
513,51707,fb241a5a14ab91538c77a195d8ce8a99,3,8.5,7.3,APROVADO,0,PENSAMENTO COMPUTACIONAL,2020.1
514,51707,fb241a5a14ab91538c77a195d8ce8a99,1,4.5,7.3,APROVADO,0,PENSAMENTO COMPUTACIONAL,2020.1
515,51707,fb241a5a14ab91538c77a195d8ce8a99,2,9.0,7.3,APROVADO,0,PENSAMENTO COMPUTACIONAL,2020.1
516,51707,3e385e1de020a2eb26e8ff555ca6079e,1,8.0,8.2,APROVADO,18,PENSAMENTO COMPUTACIONAL,2020.1
517,51707,3e385e1de020a2eb26e8ff555ca6079e,2,7.5,8.2,APROVADO,18,PENSAMENTO COMPUTACIONAL,2020.1
518,51707,3e385e1de020a2eb26e8ff555ca6079e,3,9.0,8.2,APROVADO,18,PENSAMENTO COMPUTACIONAL,2020.1
519,51707,5112ada58b76687f007059b52e43fe3c,2,0.0,1.0,REPROVADO,14,PENSAMENTO COMPUTACIONAL,2020.1
520,51707,5112ada58b76687f007059b52e43fe3c,1,3.0,1.0,REPROVADO,14,PENSAMENTO COMPUTACIONAL,2020.1
521,51707,5112ada58b76687f007059b52e43fe3c,3,0.0,1.0,REPROVADO,14,PENSAMENTO COMPUTACIONAL,2020.1
522,51707,8f6e54d62442d99d4a5b4515d3afc73a,2,0.0,0.0,REPROVADO POR MÉDIA E POR FALTAS,20,PENSAMENTO COMPUTACIONAL,2020.1
523,51707,8f6e54d62442d99d4a5b4515d3afc73a,3,0.0,0.0,REPROVADO POR MÉDIA E POR FALTAS,20,PENSAMENTO COMPUTACIONAL,2020.1
524,51707,8f6e54d62442d99d4a5b4515d3afc73a,1,0.0,0.0,REPROVADO POR MÉDIA E POR FALTAS,20,PENSAMENTO COMPUTACIONAL,2020.1
525,51707,099fbb97b392b73a60646b2aeeefc6af,2,9.0,9.1,APROVADO,4,PENSAMENTO COMPUTACIONAL,2020.1
526,51707,099fbb97b392b73a60646b2aeeefc6af,3,9.0,9.1,APROVADO,4,PENSAMENTO COMPUTACIONAL,2020.1
527,51707,099fbb97b392b73a60646b2aeeefc6af,1,9.3,9.1,APROVADO,4,PENSAMENTO COMPUTACIONAL,2020.1
528,51707,2522cb6dbf7a0a2639ff3b436d919bc8,1,9.5,9.3,APROVADO,6,PENSAMENTO COMPUTACIONAL,2020.1
529,51707,2522cb6dbf7a0a2639ff3b436d919bc8,2,9.5,9.3,APROVADO,6,PENSAMENTO COMPUTACIONAL,2020.1
530,51707,2522cb6dbf7a0a2639ff3b436d919bc8,3,9.0,9.3,APROVADO,6,PENSAMENTO COMPUTACIONAL,2020.1
531,51707,c18a9e6d8d0653a39db8ecd3e09e1ef6,3,0.0,2.0,REPROVADO,18,PENSAMENTO COMPUTACIONAL,2020.1
532,51707,c18a9e6d8d0653a39db8ecd3e09e1ef6,2,0.0,2.0,REPROVADO,18,PENSAMENTO COMPUTACIONAL,2020.1
533,51707,c18a9e6d8d0653a39db8ecd3e09e1ef6,1,6.0,2.0,REPROVADO,18,PENSAMENTO COMPUTACIONAL,2020.1
534,51707,d55bc1ce776341995b906f1fb08e31ce,2,8.0,6.8,APROVADO POR NOTA,10,PENSAMENTO COMPUTACIONAL,2020.1
535,51707,d55bc1ce776341995b906f1fb08e31ce,1,3.5,6.8,APROVADO POR NOTA,10,PENSAMENTO COMPUTACIONAL,2020.1
536,51707,d55bc1ce776341995b906f1fb08e31ce,3,9.0,6.8,APROVADO POR NOTA,10,PENSAMENTO COMPUTACIONAL,2020.1
537,51707,9820d066d49cf999d015f8e9dfb1f67f,2,9.0,8.2,APROVADO,0,PENSAMENTO COMPUTACIONAL,2020.1
538,51707,9820d066d49cf999d015f8e9dfb1f67f,3,8.5,8.2,APROVADO,0,PENSAMENTO COMPUTACIONAL,2020.1
539,51707,9820d066d49cf999d015f8e9dfb1f67f,1,7.0,8.2,APROVADO,0,PENSAMENTO COMPUTACIONAL,2020.1
540,51707,04ff1ebf070a02f1fd0839cd49e11e84,1,7.5,8.0,APROVADO,16,PENSAMENTO COMPUTACIONAL,2020.1
541,51707,04ff1ebf070a02f1fd0839cd49e11e84,2,8.0,8.0,APROVADO,16,PENSAMENTO COMPUTACIONAL,2020.1
542,51707,04ff1ebf070a02f1fd0839cd49e11e84,3,8.5,8.0,APROVADO,16,PENSAMENTO COMPUTACIONAL,2020.1
543,51707,1943ec1209671944267fd823f54dc5a4,3,0.0,0.0,REPROVADO POR MÉDIA E POR FALTAS,28,PENSAMENTO COMPUTACIONAL,2020.1
544,51707,1943ec1209671944267fd823f54dc5a4,1,0.0,0.0,REPROVADO POR MÉDIA E POR FALTAS,28,PENSAMENTO COMPUTACIONAL,2020.1
545,51707,1943ec1209671944267fd823f54dc5a4,2,0.0,0.0,REPROVADO POR MÉDIA E POR FALTAS,28,PENSAMENTO COMPUTACIONAL,2020.1
546,51707,2293bd18581232d81c1e3c55a33577f3,1,8.5,8.2,APROVADO,0,PENSAMENTO COMPUTACIONAL,2020.1
547,51707,2293bd18581232d81c1e3c55a33577f3,2,7.0,8.2,APROVADO,0,PENSAMENTO COMPUTACIONAL,2020.1
548,51707,2293bd18581232d81c1e3c55a33577f3,3,9.0,8.2,APROVADO,0,PENSAMENTO COMPUTACIONAL,2020.1
549,51707,7bcdf4553854ab31a47a19a38d95b90c,2,0.0,0.0,REPROVADO POR MÉDIA E POR FALTAS,24,PENSAMENTO COMPUTACIONAL,2020.1
550,51707,7bcdf4553854ab31a47a19a38d95b90c,1,0.0,0.0,REPROVADO POR MÉDIA E POR FALTAS,24,PENSAMENTO COMPUTACIONAL,2020.1
551,51707,7bcdf4553854ab31a47a19a38d95b90c,3,0.0,0.0,REPROVADO POR MÉDIA E POR FALTAS,24,PENSAMENTO COMPUTACIONAL,2020.1
552,51707,0d26247a359ca4e927dbf7d96e409e06,3,0.0,0.3,REPROVADO POR MÉDIA E POR FALTAS,20,PENSAMENTO COMPUTACIONAL,2020.1
553,51707,0d26247a359ca4e927dbf7d96e409e06,1,1.0,0.3,REPROVADO POR MÉDIA E POR FALTAS,20,PENSAMENTO COMPUTACIONAL,2020.1
554,51707,0d26247a359ca4e927dbf7d96e409e06,2,0.0,0.3,REPROVADO POR MÉDIA E POR FALTAS,20,PENSAMENTO COMPUTACIONAL,2020.1
555,51707,87de5fc56364f9be718054c039e4677d,1,3.0,6.7,APROVADO POR NOTA,18,PENSAMENTO COMPUTACIONAL,2020.1
556,51707,87de5fc56364f9be718054c039e4677d,2,8.5,6.7,APROVADO POR NOTA,18,PENSAMENTO COMPUTACIONAL,2020.1
557,51707,87de5fc56364f9be718054c039e4677d,3,8.5,6.7,APROVADO POR NOTA,18,PENSAMENTO COMPUTACIONAL,2020.1
558,51707,0a0acc02ffa2f50fe09f51fff2f92f19,1,6.5,8.3,APROVADO,6,PENSAMENTO COMPUTACIONAL,2020.1
559,51707,0a0acc02ffa2f50fe09f51fff2f92f19,2,9.5,8.3,APROVADO,6,PENSAMENTO COMPUTACIONAL,2020.1
560,51707,0a0acc02ffa2f50fe09f51fff2f92f19,3,9.0,8.3,APROVADO,6,PENSAMENTO COMPUTACIONAL,2020.1
561,51707,0782f0eb9e105ca5b421a2fb7501bada,1,0.0,0.0,REPROVADO POR MÉDIA E POR FALTAS,32,PENSAMENTO COMPUTACIONAL,2020.1
562,51707,0782f0eb9e105ca5b421a2fb7501bada,2,0.0,0.0,REPROVADO POR MÉDIA E POR FALTAS,32,PENSAMENTO COMPUTACIONAL,2020.1
563,51707,0782f0eb9e105ca5b421a2fb7501bada,3,0.0,0.0,REPROVADO POR MÉDIA E POR FALTAS,32,PENSAMENTO COMPUTACIONAL,2020.1
564,51707,fc3aec9248cd2ebe4a61ddc64169d344,2,8.5,8.2,APROVADO,0,PENSAMENTO COMPUTACIONAL,2020.1
565,51707,fc3aec9248cd2ebe4a61ddc64169d344,1,7.5,8.2,APROVADO,0,PENSAMENTO COMPUTACIONAL,2020.1
566,51707,fc3aec9248cd2ebe4a61ddc64169d344,3,8.5,8.2,APROVADO,0,PENSAMENTO COMPUTACIONAL,2020.1
567,51707,a1e267822be1bb30202257cbe3ed84ec,1,8.0,8.7,APROVADO,12,PENSAMENTO COMPUTACIONAL,2020.1
568,51707,a1e267822be1bb30202257cbe3ed84ec,2,9.0,8.7,APROVADO,12,PENSAMENTO COMPUTACIONAL,2020.1
569,51707,a1e267822be1bb30202257cbe3ed84ec,3,9.0,8.7,APROVADO,12,PENSAMENTO COMPUTACIONAL,2020.1
570,51707,49bbc71f9ff2809474948841f427fefd,1,8.6,8.7,APROVADO,0,PENSAMENTO COMPUTACIONAL,2020.1
571,51707,49bbc71f9ff2809474948841f427fefd,2,8.5,8.7,APROVADO,0,PENSAMENTO COMPUTACIONAL,2020.1
572,51707,49bbc71f9ff2809474948841f427fefd,3,9.0,8.7,APROVADO,0,PENSAMENTO COMPUTACIONAL,2020.1
573,51707,f0f60ee934dceff7e3b25086af7ba7bc,1,7.8,8.9,APROVADO,4,PENSAMENTO COMPUTACIONAL,2020.1
574,51707,f0f60ee934dceff7e3b25086af7ba7bc,2,10.0,8.9,APROVADO,4,PENSAMENTO COMPUTACIONAL,2020.1
575,51707,f0f60ee934dceff7e3b25086af7ba7bc,3,9.0,8.9,APROVADO,4,PENSAMENTO COMPUTACIONAL,2020.1
576,51707,6492cc4c579d7bde21ec4c960ae69591,1,7.0,8.3,APROVADO,4,PENSAMENTO COMPUTACIONAL,2020.1
577,51707,6492cc4c579d7bde21ec4c960ae69591,2,9.5,8.3,APROVADO,4,PENSAMENTO COMPUTACIONAL,2020.1
578,51707,6492cc4c579d7bde21ec4c960ae69591,3,8.5,8.3,APROVADO,4,PENSAMENTO COMPUTACIONAL,2020.1
579,51707,9be23ae3c2c2ba782aec0248ab6ad371,1,7.5,8.3,APROVADO,0,PENSAMENTO COMPUTACIONAL,2020.1
580,51707,9be23ae3c2c2ba782aec0248ab6ad371,2,9.0,8.3,APROVADO,0,PENSAMENTO COMPUTACIONAL,2020.1
581,51707,9be23ae3c2c2ba782aec0248ab6ad371,3,8.5,8.3,APROVADO,0,PENSAMENTO COMPUTACIONAL,2020.1
582,51707,4bc93c30c0827b1ae75821f44c1dba22,1,0.0,0.0,REPROVADO POR MÉDIA E POR FALTAS,22,PENSAMENTO COMPUTACIONAL,2020.1
583,51707,4bc93c30c0827b1ae75821f44c1dba22,2,0.0,0.0,REPROVADO POR MÉDIA E POR FALTAS,22,PENSAMENTO COMPUTACIONAL,2020.1
584,51707,4bc93c30c0827b1ae75821f44c1dba22,3,0.0,0.0,REPROVADO POR MÉDIA E POR FALTAS,22,PENSAMENTO COMPUTACIONAL,2020.1
585,51707,0ed876c77ef34c73159983ba6d0579d4,1,5.0,6.5,APROVADO POR NOTA,4,PENSAMENTO COMPUTACIONAL,2020.1
586,51707,0ed876c77ef34c73159983ba6d0579d4,2,8.5,6.5,APROVADO POR NOTA,4,PENSAMENTO COMPUTACIONAL,2020.1
587,51707,0ed876c77ef34c73159983ba6d0579d4,3,0.0,6.5,APROVADO POR NOTA,4,PENSAMENTO COMPUTACIONAL,2020.1
588,51707,f86b49cff2a3ef404347af77ec784879,1,10.0,6.5,CANCELADO,12,PENSAMENTO COMPUTACIONAL,2020.1
589,51707,f86b49cff2a3ef404347af77ec784879,2,9.5,6.5,CANCELADO,12,PENSAMENTO COMPUTACIONAL,2020.1
590,51707,f86b49cff2a3ef404347af77ec784879,3,0.0,6.5,CANCELADO,12,PENSAMENTO COMPUTACIONAL,2020.1
591,51707,095da9b97581b2de7ec37a0641bf3e5b,3,8.5,8.4,APROVADO,2,PENSAMENTO COMPUTACIONAL,2020.1
592,51707,095da9b97581b2de7ec37a0641bf3e5b,1,8.8,8.4,APROVADO,2,PENSAMENTO COMPUTACIONAL,2020.1
593,51707,095da9b97581b2de7ec37a0641bf3e5b,2,8.0,8.4,APROVADO,2,PENSAMENTO COMPUTACIONAL,2020.1
594,51707,91974e602d2505853320c5340f7a0750,1,6.5,2.2,REPROVADO POR MÉDIA E POR FALTAS,22,PENSAMENTO COMPUTACIONAL,2020.1
595,51707,91974e602d2505853320c5340f7a0750,2,0.0,2.2,REPROVADO POR MÉDIA E POR FALTAS,22,PENSAMENTO COMPUTACIONAL,2020.1
596,51707,91974e602d2505853320c5340f7a0750,3,0.0,2.2,REPROVADO POR MÉDIA E POR FALTAS,22,PENSAMENTO COMPUTACIONAL,2020.1
