,discente,unidade,nota,media_final,aprovado,reposicao,reprovadoporfalta,numero_total_faltas,descricao,nivel_ensino,id_turma,id_curso,codigo,disciplina,docente,semestre,excluido
152557,7448bbfeb9b87ec12bbb49b0c0e87e7d,1,0.0,0.0,False,False,True,55,REPROVADO POR MÉDIA E POR FALTAS,GRADUAÇÃO,7902,49184,DIM0118.0,INTRODUÇÃO ÀS TÉCNICAS DE PROGRAMAÇÃO,RAFAEL BESERRA GOMES,2018.1,True
152558,7448bbfeb9b87ec12bbb49b0c0e87e7d,2,0.0,0.0,False,False,True,55,REPROVADO POR MÉDIA E POR FALTAS,GRADUAÇÃO,7902,49184,DIM0118.0,INTRODUÇÃO ÀS TÉCNICAS DE PROGRAMAÇÃO,RAFAEL BESERRA GOMES,2018.1,True
152559,7448bbfeb9b87ec12bbb49b0c0e87e7d,3,0.0,0.0,False,False,True,55,REPROVADO POR MÉDIA E POR FALTAS,GRADUAÇÃO,7902,49184,DIM0118.0,INTRODUÇÃO ÀS TÉCNICAS DE PROGRAMAÇÃO,RAFAEL BESERRA GOMES,2018.1,True
152623,22c17fcdde44072a52cbc8add9822411,1,8.9,3.9,False,False,True,48,REPROVADO POR MÉDIA E POR FALTAS,GRADUAÇÃO,7902,49184,DIM0118.0,INTRODUÇÃO ÀS TÉCNICAS DE PROGRAMAÇÃO,RAFAEL BESERRA GOMES,2018.1,True
152624,22c17fcdde44072a52cbc8add9822411,2,2.9,3.9,False,False,True,48,REPROVADO POR MÉDIA E POR FALTAS,GRADUAÇÃO,7902,49184,DIM0118.0,INTRODUÇÃO ÀS TÉCNICAS DE PROGRAMAÇÃO,RAFAEL BESERRA GOMES,2018.1,True
152625,22c17fcdde44072a52cbc8add9822411,3,0.0,3.9,False,False,True,48,REPROVADO POR MÉDIA E POR FALTAS,GRADUAÇÃO,7902,49184,DIM0118.0,INTRODUÇÃO ÀS TÉCNICAS DE PROGRAMAÇÃO,RAFAEL BESERRA GOMES,2018.1,True
399304,c535569e9f1b2aace9da016d1c44c40e,1,3.1,1.0,False,False,True,24,REPROVADO POR MÉDIA E POR FALTAS,GRADUAÇÃO,25586,49184,IMD0012.0,INTRODUÇÃO ÀS TÉCNICAS DE PROGRAMAÇÃO,RAFAEL BESERRA GOMES,2018.2,True
399305,c535569e9f1b2aace9da016d1c44c40e,2,0.0,1.0,False,False,True,24,REPROVADO POR MÉDIA E POR FALTAS,GRADUAÇÃO,25586,49184,IMD0012.0,INTRODUÇÃO ÀS TÉCNICAS DE PROGRAMAÇÃO,RAFAEL BESERRA GOMES,2018.2,True
399306,c535569e9f1b2aace9da016d1c44c40e,3,0.0,1.0,False,False,True,24,REPROVADO POR MÉDIA E POR FALTAS,GRADUAÇÃO,25586,49184,IMD0012.0,INTRODUÇÃO ÀS TÉCNICAS DE PROGRAMAÇÃO,RAFAEL BESERRA GOMES,2018.2,True
407155,4e21f88d0b60b53ccfa87ed3669eca86,3,0.0,0.0,False,False,True,53,REPROVADO POR MÉDIA E POR FALTAS,GRADUAÇÃO,25581,49184,IMD0012.0,INTRODUÇÃO ÀS TÉCNICAS DE PROGRAMAÇÃO,MARJORY CRISTIANY DA COSTA ABREU,2018.2,True
407156,4e21f88d0b60b53ccfa87ed3669eca86,1,0.0,0.0,False,False,True,53,REPROVADO POR MÉDIA E POR FALTAS,GRADUAÇÃO,25581,49184,IMD0012.0,INTRODUÇÃO ÀS TÉCNICAS DE PROGRAMAÇÃO,MARJORY CRISTIANY DA COSTA ABREU,2018.2,True
407157,4e21f88d0b60b53ccfa87ed3669eca86,2,0.0,0.0,False,False,True,53,REPROVADO POR MÉDIA E POR FALTAS,GRADUAÇÃO,25581,49184,IMD0012.0,INTRODUÇÃO ÀS TÉCNICAS DE PROGRAMAÇÃO,MARJORY CRISTIANY DA COSTA ABREU,2018.2,True
407194,8e94cb99999fb015140bb1a97fb1af5c,3,0.0,0.0,False,False,True,31,REPROVADO POR MÉDIA E POR FALTAS,GRADUAÇÃO,25581,49184,IMD0012.0,INTRODUÇÃO ÀS TÉCNICAS DE PROGRAMAÇÃO,MARJORY CRISTIANY DA COSTA ABREU,2018.2,True
407195,8e94cb99999fb015140bb1a97fb1af5c,1,0.0,0.0,False,False,True,31,REPROVADO POR MÉDIA E POR FALTAS,GRADUAÇÃO,25581,49184,IMD0012.0,INTRODUÇÃO ÀS TÉCNICAS DE PROGRAMAÇÃO,MARJORY CRISTIANY DA COSTA ABREU,2018.2,True
407196,8e94cb99999fb015140bb1a97fb1af5c,2,0.0,0.0,False,False,True,31,REPROVADO POR MÉDIA E POR FALTAS,GRADUAÇÃO,25581,49184,IMD0012.0,INTRODUÇÃO ÀS TÉCNICAS DE PROGRAMAÇÃO,MARJORY CRISTIANY DA COSTA ABREU,2018.2,True
407206,106ed6a4ff1e89223c9cc6152aa38665,2,0.5,1.0,False,False,True,30,REPROVADO POR MÉDIA E POR FALTAS,GRADUAÇÃO,25581,49184,IMD0012.0,INTRODUÇÃO ÀS TÉCNICAS DE PROGRAMAÇÃO,MARJORY CRISTIANY DA COSTA ABREU,2018.2,True
407207,106ed6a4ff1e89223c9cc6152aa38665,1,2.5,1.0,False,False,True,30,REPROVADO POR MÉDIA E POR FALTAS,GRADUAÇÃO,25581,49184,IMD0012.0,INTRODUÇÃO ÀS TÉCNICAS DE PROGRAMAÇÃO,MARJORY CRISTIANY DA COSTA ABREU,2018.2,True
407208,106ed6a4ff1e89223c9cc6152aa38665,3,0.0,1.0,False,False,True,30,REPROVADO POR MÉDIA E POR FALTAS,GRADUAÇÃO,25581,49184,IMD0012.0,INTRODUÇÃO ÀS TÉCNICAS DE PROGRAMAÇÃO,MARJORY CRISTIANY DA COSTA ABREU,2018.2,True
407209,c5f73ce74e59865dd981384066c16bdd,3,0.0,0.5,False,False,True,34,REPROVADO POR MÉDIA E POR FALTAS,GRADUAÇÃO,25581,49184,IMD0012.0,INTRODUÇÃO ÀS TÉCNICAS DE PROGRAMAÇÃO,MARJORY CRISTIANY DA COSTA ABREU,2018.2,True
407210,c5f73ce74e59865dd981384066c16bdd,1,1.5,0.5,False,False,True,34,REPROVADO POR MÉDIA E POR FALTAS,GRADUAÇÃO,25581,49184,IMD0012.0,INTRODUÇÃO ÀS TÉCNICAS DE PROGRAMAÇÃO,MARJORY CRISTIANY DA COSTA ABREU,2018.2,True
407211,c5f73ce74e59865dd981384066c16bdd,2,0.0,0.5,False,False,True,34,REPROVADO POR MÉDIA E POR FALTAS,GRADUAÇÃO,25581,49184,IMD0012.0,INTRODUÇÃO ÀS TÉCNICAS DE PROGRAMAÇÃO,MARJORY CRISTIANY DA COSTA ABREU,2018.2,True
407221,dae2b22ef07dc0a68e16113092c811aa,1,3.5,3.2,False,False,True,24,REPROVADO POR MÉDIA E POR FALTAS,GRADUAÇÃO,25581,49184,IMD0012.0,INTRODUÇÃO ÀS TÉCNICAS DE PROGRAMAÇÃO,MARJORY CRISTIANY DA COSTA ABREU,2018.2,True
407222,dae2b22ef07dc0a68e16113092c811aa,2,1.5,3.2,False,False,True,24,REPROVADO POR MÉDIA E POR FALTAS,GRADUAÇÃO,25581,49184,IMD0012.0,INTRODUÇÃO ÀS TÉCNICAS DE PROGRAMAÇÃO,MARJORY CRISTIANY DA COSTA ABREU,2018.2,True
407223,dae2b22ef07dc0a68e16113092c811aa,3,4.5,3.2,False,False,True,24,REPROVADO POR MÉDIA E POR FALTAS,GRADUAÇÃO,25581,49184,IMD0012.0,INTRODUÇÃO ÀS TÉCNICAS DE PROGRAMAÇÃO,MARJORY CRISTIANY DA COSTA ABREU,2018.2,True
407233,4f334bcb2b0283c343aa005fd86d9c31,1,2.0,1.8,False,False,True,18,REPROVADO POR MÉDIA E POR FALTAS,GRADUAÇÃO,25581,49184,IMD0012.0,INTRODUÇÃO ÀS TÉCNICAS DE PROGRAMAÇÃO,MARJORY CRISTIANY DA COSTA ABREU,2018.2,True
407234,4f334bcb2b0283c343aa005fd86d9c31,2,3.5,1.8,False,False,True,18,REPROVADO POR MÉDIA E POR FALTAS,GRADUAÇÃO,25581,49184,IMD0012.0,INTRODUÇÃO ÀS TÉCNICAS DE PROGRAMAÇÃO,MARJORY CRISTIANY DA COSTA ABREU,2018.2,True
407235,4f334bcb2b0283c343aa005fd86d9c31,3,0.0,1.8,False,False,True,18,REPROVADO POR MÉDIA E POR FALTAS,GRADUAÇÃO,25581,49184,IMD0012.0,INTRODUÇÃO ÀS TÉCNICAS DE PROGRAMAÇÃO,MARJORY CRISTIANY DA COSTA ABREU,2018.2,True
407245,43d38b53da75babb48bd2f6d96f121a3,1,2.0,1.8,False,False,True,22,REPROVADO POR MÉDIA E POR FALTAS,GRADUAÇÃO,25581,49184,IMD0012.0,INTRODUÇÃO ÀS TÉCNICAS DE PROGRAMAÇÃO,MARJORY CRISTIANY DA COSTA ABREU,2018.2,True
407246,43d38b53da75babb48bd2f6d96f121a3,2,3.5,1.8,False,False,True,22,REPROVADO POR MÉDIA E POR FALTAS,GRADUAÇÃO,25581,49184,IMD0012.0,INTRODUÇÃO ÀS TÉCNICAS DE PROGRAMAÇÃO,MARJORY CRISTIANY DA COSTA ABREU,2018.2,True
407247,43d38b53da75babb48bd2f6d96f121a3,3,0.0,1.8,False,False,True,22,REPROVADO POR MÉDIA E POR FALTAS,GRADUAÇÃO,25581,49184,IMD0012.0,INTRODUÇÃO ÀS TÉCNICAS DE PROGRAMAÇÃO,MARJORY CRISTIANY DA COSTA ABREU,2018.2,True
407248,a249bbb83390c2f5c436014ba0cb6a12,2,7.5,4.3,False,False,True,38,REPROVADO POR MÉDIA E POR FALTAS,GRADUAÇÃO,25581,49184,IMD0012.0,INTRODUÇÃO ÀS TÉCNICAS DE PROGRAMAÇÃO,MARJORY CRISTIANY DA COSTA ABREU,2018.2,True
407249,a249bbb83390c2f5c436014ba0cb6a12,3,0.0,4.3,False,False,True,38,REPROVADO POR MÉDIA E POR FALTAS,GRADUAÇÃO,25581,49184,IMD0012.0,INTRODUÇÃO ÀS TÉCNICAS DE PROGRAMAÇÃO,MARJORY CRISTIANY DA COSTA ABREU,2018.2,True
407250,a249bbb83390c2f5c436014ba0cb6a12,1,5.5,4.3,False,False,True,38,REPROVADO POR MÉDIA E POR FALTAS,GRADUAÇÃO,25581,49184,IMD0012.0,INTRODUÇÃO ÀS TÉCNICAS DE PROGRAMAÇÃO,MARJORY CRISTIANY DA COSTA ABREU,2018.2,True
407251,a80ef3d24cc1f6d4affc491f3c309522,1,3.5,1.2,False,False,True,52,REPROVADO POR MÉDIA E POR FALTAS,GRADUAÇÃO,25581,49184,IMD0012.0,INTRODUÇÃO ÀS TÉCNICAS DE PROGRAMAÇÃO,MARJORY CRISTIANY DA COSTA ABREU,2018.2,True
407252,a80ef3d24cc1f6d4affc491f3c309522,2,0.0,1.2,False,False,True,52,REPROVADO POR MÉDIA E POR FALTAS,GRADUAÇÃO,25581,49184,IMD0012.0,INTRODUÇÃO ÀS TÉCNICAS DE PROGRAMAÇÃO,MARJORY CRISTIANY DA COSTA ABREU,2018.2,True
407253,a80ef3d24cc1f6d4affc491f3c309522,3,0.0,1.2,False,False,True,52,REPROVADO POR MÉDIA E POR FALTAS,GRADUAÇÃO,25581,49184,IMD0012.0,INTRODUÇÃO ÀS TÉCNICAS DE PROGRAMAÇÃO,MARJORY CRISTIANY DA COSTA ABREU,2018.2,True
417131,cfbb0a68e5edf620b5bb0def056ecd1c,1,0.0,0.0,False,False,True,62,REPROVADO POR MÉDIA E POR FALTAS,GRADUAÇÃO,25584,49184,IMD0012.0,INTRODUÇÃO ÀS TÉCNICAS DE PROGRAMAÇÃO,ANDRE MAURICIO CUNHA CAMPOS,2018.2,True
417132,cfbb0a68e5edf620b5bb0def056ecd1c,2,0.0,0.0,False,False,True,62,REPROVADO POR MÉDIA E POR FALTAS,GRADUAÇÃO,25584,49184,IMD0012.0,INTRODUÇÃO ÀS TÉCNICAS DE PROGRAMAÇÃO,ANDRE MAURICIO CUNHA CAMPOS,2018.2,True
417133,cfbb0a68e5edf620b5bb0def056ecd1c,3,0.0,0.0,False,False,True,62,REPROVADO POR MÉDIA E POR FALTAS,GRADUAÇÃO,25584,49184,IMD0012.0,INTRODUÇÃO ÀS TÉCNICAS DE PROGRAMAÇÃO,ANDRE MAURICIO CUNHA CAMPOS,2018.2,True
417137,f961101fa3e053d2464e72f80139a5b4,1,0.0,0.0,False,False,True,56,REPROVADO POR MÉDIA E POR FALTAS,GRADUAÇÃO,25584,49184,IMD0012.0,INTRODUÇÃO ÀS TÉCNICAS DE PROGRAMAÇÃO,ANDRE MAURICIO CUNHA CAMPOS,2018.2,True
417138,f961101fa3e053d2464e72f80139a5b4,2,0.0,0.0,False,False,True,56,REPROVADO POR MÉDIA E POR FALTAS,GRADUAÇÃO,25584,49184,IMD0012.0,INTRODUÇÃO ÀS TÉCNICAS DE PROGRAMAÇÃO,ANDRE MAURICIO CUNHA CAMPOS,2018.2,True
417139,f961101fa3e053d2464e72f80139a5b4,3,0.0,0.0,False,False,True,56,REPROVADO POR MÉDIA E POR FALTAS,GRADUAÇÃO,25584,49184,IMD0012.0,INTRODUÇÃO ÀS TÉCNICAS DE PROGRAMAÇÃO,ANDRE MAURICIO CUNHA CAMPOS,2018.2,True
417140,f1fc80b2a7fea3206d9684a911a4de3f,1,1.1,0.4,False,False,True,42,REPROVADO POR MÉDIA E POR FALTAS,GRADUAÇÃO,25584,49184,IMD0012.0,INTRODUÇÃO ÀS TÉCNICAS DE PROGRAMAÇÃO,ANDRE MAURICIO CUNHA CAMPOS,2018.2,True
417141,f1fc80b2a7fea3206d9684a911a4de3f,2,0.0,0.4,False,False,True,42,REPROVADO POR MÉDIA E POR FALTAS,GRADUAÇÃO,25584,49184,IMD0012.0,INTRODUÇÃO ÀS TÉCNICAS DE PROGRAMAÇÃO,ANDRE MAURICIO CUNHA CAMPOS,2018.2,True
417142,f1fc80b2a7fea3206d9684a911a4de3f,3,0.0,0.4,False,False,True,42,REPROVADO POR MÉDIA E POR FALTAS,GRADUAÇÃO,25584,49184,IMD0012.0,INTRODUÇÃO ÀS TÉCNICAS DE PROGRAMAÇÃO,ANDRE MAURICIO CUNHA CAMPOS,2018.2,True
417188,7ca4146947a0cbbc252833b4ed6afc72,1,0.0,0.0,False,False,True,32,REPROVADO POR MÉDIA E POR FALTAS,GRADUAÇÃO,25584,49184,IMD0012.0,INTRODUÇÃO ÀS TÉCNICAS DE PROGRAMAÇÃO,ANDRE MAURICIO CUNHA CAMPOS,2018.2,True
417189,7ca4146947a0cbbc252833b4ed6afc72,2,0.0,0.0,False,False,True,32,REPROVADO POR MÉDIA E POR FALTAS,GRADUAÇÃO,25584,49184,IMD0012.0,INTRODUÇÃO ÀS TÉCNICAS DE PROGRAMAÇÃO,ANDRE MAURICIO CUNHA CAMPOS,2018.2,True
417190,7ca4146947a0cbbc252833b4ed6afc72,3,0.0,0.0,False,False,True,32,REPROVADO POR MÉDIA E POR FALTAS,GRADUAÇÃO,25584,49184,IMD0012.0,INTRODUÇÃO ÀS TÉCNICAS DE PROGRAMAÇÃO,ANDRE MAURICIO CUNHA CAMPOS,2018.2,True
417191,493ee1909a83738fd1a6bf9507c8fbc0,1,0.0,0.0,False,False,True,58,REPROVADO POR MÉDIA E POR FALTAS,GRADUAÇÃO,25584,49184,IMD0012.0,INTRODUÇÃO ÀS TÉCNICAS DE PROGRAMAÇÃO,ANDRE MAURICIO CUNHA CAMPOS,2018.2,True
417192,493ee1909a83738fd1a6bf9507c8fbc0,2,0.0,0.0,False,False,True,58,REPROVADO POR MÉDIA E POR FALTAS,GRADUAÇÃO,25584,49184,IMD0012.0,INTRODUÇÃO ÀS TÉCNICAS DE PROGRAMAÇÃO,ANDRE MAURICIO CUNHA CAMPOS,2018.2,True
417193,493ee1909a83738fd1a6bf9507c8fbc0,3,0.0,0.0,False,False,True,58,REPROVADO POR MÉDIA E POR FALTAS,GRADUAÇÃO,25584,49184,IMD0012.0,INTRODUÇÃO ÀS TÉCNICAS DE PROGRAMAÇÃO,ANDRE MAURICIO CUNHA CAMPOS,2018.2,True
417194,a05d2071321eb7f58128542687929cef,1,0.0,0.0,False,False,True,58,REPROVADO POR MÉDIA E POR FALTAS,GRADUAÇÃO,25584,49184,IMD0012.0,INTRODUÇÃO ÀS TÉCNICAS DE PROGRAMAÇÃO,ANDRE MAURICIO CUNHA CAMPOS,2018.2,True
417195,a05d2071321eb7f58128542687929cef,2,0.0,0.0,False,False,True,58,REPROVADO POR MÉDIA E POR FALTAS,GRADUAÇÃO,25584,49184,IMD0012.0,INTRODUÇÃO ÀS TÉCNICAS DE PROGRAMAÇÃO,ANDRE MAURICIO CUNHA CAMPOS,2018.2,True
417196,a05d2071321eb7f58128542687929cef,3,0.0,0.0,False,False,True,58,REPROVADO POR MÉDIA E POR FALTAS,GRADUAÇÃO,25584,49184,IMD0012.0,INTRODUÇÃO ÀS TÉCNICAS DE PROGRAMAÇÃO,ANDRE MAURICIO CUNHA CAMPOS,2018.2,True
417197,d77b331b0085b28681617e2fddb72afc,1,3.5,1.3,False,False,True,38,REPROVADO POR MÉDIA E POR FALTAS,GRADUAÇÃO,25584,49184,IMD0012.0,INTRODUÇÃO ÀS TÉCNICAS DE PROGRAMAÇÃO,ANDRE MAURICIO CUNHA CAMPOS,2018.2,True
417198,d77b331b0085b28681617e2fddb72afc,2,0.0,1.3,False,False,True,38,REPROVADO POR MÉDIA E POR FALTAS,GRADUAÇÃO,25584,49184,IMD0012.0,INTRODUÇÃO ÀS TÉCNICAS DE PROGRAMAÇÃO,ANDRE MAURICIO CUNHA CAMPOS,2018.2,True
417199,d77b331b0085b28681617e2fddb72afc,3,0.5,1.3,False,False,True,38,REPROVADO POR MÉDIA E POR FALTAS,GRADUAÇÃO,25584,49184,IMD0012.0,INTRODUÇÃO ÀS TÉCNICAS DE PROGRAMAÇÃO,ANDRE MAURICIO CUNHA CAMPOS,2018.2,True
417203,34eaf88a79125d3c875b7201c8a7bad9,1,5.7,1.9,False,False,True,32,REPROVADO POR MÉDIA E POR FALTAS,GRADUAÇÃO,25584,49184,IMD0012.0,INTRODUÇÃO ÀS TÉCNICAS DE PROGRAMAÇÃO,ANDRE MAURICIO CUNHA CAMPOS,2018.2,True
417204,34eaf88a79125d3c875b7201c8a7bad9,2,0.0,1.9,False,False,True,32,REPROVADO POR MÉDIA E POR FALTAS,GRADUAÇÃO,25584,49184,IMD0012.0,INTRODUÇÃO ÀS TÉCNICAS DE PROGRAMAÇÃO,ANDRE MAURICIO CUNHA CAMPOS,2018.2,True
417205,34eaf88a79125d3c875b7201c8a7bad9,3,0.0,1.9,False,False,True,32,REPROVADO POR MÉDIA E POR FALTAS,GRADUAÇÃO,25584,49184,IMD0012.0,INTRODUÇÃO ÀS TÉCNICAS DE PROGRAMAÇÃO,ANDRE MAURICIO CUNHA CAMPOS,2018.2,True
867664,cef7232ea13f69cb8b0dec549e3d07b9,1,0.0,0.0,False,False,True,78,REPROVADO POR MÉDIA E POR FALTAS,GRADUAÇÃO,29310,49184,IMD1012,INTRODUÇÃO ÀS TÉCNICAS DE PROGRAMAÇÃO,GUSTAVO GIRAO BARRETO DA SILVA,2019.1,True
867665,cef7232ea13f69cb8b0dec549e3d07b9,2,0.0,0.0,False,False,True,78,REPROVADO POR MÉDIA E POR FALTAS,GRADUAÇÃO,29310,49184,IMD1012,INTRODUÇÃO ÀS TÉCNICAS DE PROGRAMAÇÃO,GUSTAVO GIRAO BARRETO DA SILVA,2019.1,True
867666,cef7232ea13f69cb8b0dec549e3d07b9,3,0.0,0.0,False,False,True,78,REPROVADO POR MÉDIA E POR FALTAS,GRADUAÇÃO,29310,49184,IMD1012,INTRODUÇÃO ÀS TÉCNICAS DE PROGRAMAÇÃO,GUSTAVO GIRAO BARRETO DA SILVA,2019.1,True
867691,0734e63e709823a19e7acb50a793fda5,1,3.3,1.1,False,False,True,52,REPROVADO POR MÉDIA E POR FALTAS,GRADUAÇÃO,29310,49184,IMD1012,INTRODUÇÃO ÀS TÉCNICAS DE PROGRAMAÇÃO,GUSTAVO GIRAO BARRETO DA SILVA,2019.1,True
867692,0734e63e709823a19e7acb50a793fda5,2,0.0,1.1,False,False,True,52,REPROVADO POR MÉDIA E POR FALTAS,GRADUAÇÃO,29310,49184,IMD1012,INTRODUÇÃO ÀS TÉCNICAS DE PROGRAMAÇÃO,GUSTAVO GIRAO BARRETO DA SILVA,2019.1,True
867693,0734e63e709823a19e7acb50a793fda5,3,0.0,1.1,False,False,True,52,REPROVADO POR MÉDIA E POR FALTAS,GRADUAÇÃO,29310,49184,IMD1012,INTRODUÇÃO ÀS TÉCNICAS DE PROGRAMAÇÃO,GUSTAVO GIRAO BARRETO DA SILVA,2019.1,True
867733,121c39194fe7511e5916fca0b0a7fca9,1,0.0,0.0,False,False,True,68,REPROVADO POR MÉDIA E POR FALTAS,GRADUAÇÃO,29310,49184,IMD1012,INTRODUÇÃO ÀS TÉCNICAS DE PROGRAMAÇÃO,GUSTAVO GIRAO BARRETO DA SILVA,2019.1,True
867734,121c39194fe7511e5916fca0b0a7fca9,2,0.0,0.0,False,False,True,68,REPROVADO POR MÉDIA E POR FALTAS,GRADUAÇÃO,29310,49184,IMD1012,INTRODUÇÃO ÀS TÉCNICAS DE PROGRAMAÇÃO,GUSTAVO GIRAO BARRETO DA SILVA,2019.1,True
867735,121c39194fe7511e5916fca0b0a7fca9,3,0.0,0.0,False,False,True,68,REPROVADO POR MÉDIA E POR FALTAS,GRADUAÇÃO,29310,49184,IMD1012,INTRODUÇÃO ÀS TÉCNICAS DE PROGRAMAÇÃO,GUSTAVO GIRAO BARRETO DA SILVA,2019.1,True
867748,64b9091cfcfda2b4527f8f872feb6178,1,0.0,0.0,False,False,True,66,REPROVADO POR MÉDIA E POR FALTAS,GRADUAÇÃO,29310,49184,IMD1012,INTRODUÇÃO ÀS TÉCNICAS DE PROGRAMAÇÃO,GUSTAVO GIRAO BARRETO DA SILVA,2019.1,True
867749,64b9091cfcfda2b4527f8f872feb6178,2,0.0,0.0,False,False,True,66,REPROVADO POR MÉDIA E POR FALTAS,GRADUAÇÃO,29310,49184,IMD1012,INTRODUÇÃO ÀS TÉCNICAS DE PROGRAMAÇÃO,GUSTAVO GIRAO BARRETO DA SILVA,2019.1,True
867750,64b9091cfcfda2b4527f8f872feb6178,3,0.0,0.0,False,False,True,66,REPROVADO POR MÉDIA E POR FALTAS,GRADUAÇÃO,29310,49184,IMD1012,INTRODUÇÃO ÀS TÉCNICAS DE PROGRAMAÇÃO,GUSTAVO GIRAO BARRETO DA SILVA,2019.1,True
867760,1250aab276fafc742cfbfc5aadd09ec7,1,7.1,2.4,False,False,True,66,REPROVADO POR MÉDIA E POR FALTAS,GRADUAÇÃO,29310,49184,IMD1012,INTRODUÇÃO ÀS TÉCNICAS DE PROGRAMAÇÃO,GUSTAVO GIRAO BARRETO DA SILVA,2019.1,True
867761,1250aab276fafc742cfbfc5aadd09ec7,2,0.0,2.4,False,False,True,66,REPROVADO POR MÉDIA E POR FALTAS,GRADUAÇÃO,29310,49184,IMD1012,INTRODUÇÃO ÀS TÉCNICAS DE PROGRAMAÇÃO,GUSTAVO GIRAO BARRETO DA SILVA,2019.1,True
867762,1250aab276fafc742cfbfc5aadd09ec7,3,0.0,2.4,False,False,True,66,REPROVADO POR MÉDIA E POR FALTAS,GRADUAÇÃO,29310,49184,IMD1012,INTRODUÇÃO ÀS TÉCNICAS DE PROGRAMAÇÃO,GUSTAVO GIRAO BARRETO DA SILVA,2019.1,True
1007003,0dc1f97b61d765bfaaf695b2372a43e4,1,0.0,0.0,False,False,True,64,REPROVADO POR MÉDIA E POR FALTAS,GRADUAÇÃO,35639,49184,DIM0133,INTRODUÇÃO ÀS TÉCNICAS DE PROGRAMAÇÃO,ANDRE MAURICIO CUNHA CAMPOS,2019.1,True
1007004,0dc1f97b61d765bfaaf695b2372a43e4,2,0.0,0.0,False,False,True,64,REPROVADO POR MÉDIA E POR FALTAS,GRADUAÇÃO,35639,49184,DIM0133,INTRODUÇÃO ÀS TÉCNICAS DE PROGRAMAÇÃO,ANDRE MAURICIO CUNHA CAMPOS,2019.1,True
1007005,0dc1f97b61d765bfaaf695b2372a43e4,3,0.0,0.0,False,False,True,64,REPROVADO POR MÉDIA E POR FALTAS,GRADUAÇÃO,35639,49184,DIM0133,INTRODUÇÃO ÀS TÉCNICAS DE PROGRAMAÇÃO,ANDRE MAURICIO CUNHA CAMPOS,2019.1,True
1007012,c3917d017645bf55e1f0907aa958e583,1,1.6,0.5,False,False,True,48,REPROVADO POR MÉDIA E POR FALTAS,GRADUAÇÃO,35639,49184,DIM0133,INTRODUÇÃO ÀS TÉCNICAS DE PROGRAMAÇÃO,ANDRE MAURICIO CUNHA CAMPOS,2019.1,True
1007013,c3917d017645bf55e1f0907aa958e583,2,0.0,0.5,False,False,True,48,REPROVADO POR MÉDIA E POR FALTAS,GRADUAÇÃO,35639,49184,DIM0133,INTRODUÇÃO ÀS TÉCNICAS DE PROGRAMAÇÃO,ANDRE MAURICIO CUNHA CAMPOS,2019.1,True
1007014,c3917d017645bf55e1f0907aa958e583,3,0.0,0.5,False,False,True,48,REPROVADO POR MÉDIA E POR FALTAS,GRADUAÇÃO,35639,49184,DIM0133,INTRODUÇÃO ÀS TÉCNICAS DE PROGRAMAÇÃO,ANDRE MAURICIO CUNHA CAMPOS,2019.1,True
1007030,8488e52d4ca947f5504905cb261636ca,1,5.4,2.8,False,False,True,40,REPROVADO POR MÉDIA E POR FALTAS,GRADUAÇÃO,35639,49184,DIM0133,INTRODUÇÃO ÀS TÉCNICAS DE PROGRAMAÇÃO,ANDRE MAURICIO CUNHA CAMPOS,2019.1,True
1007031,8488e52d4ca947f5504905cb261636ca,2,3.1,2.8,False,False,True,40,REPROVADO POR MÉDIA E POR FALTAS,GRADUAÇÃO,35639,49184,DIM0133,INTRODUÇÃO ÀS TÉCNICAS DE PROGRAMAÇÃO,ANDRE MAURICIO CUNHA CAMPOS,2019.1,True
1007032,8488e52d4ca947f5504905cb261636ca,3,0.0,2.8,False,False,True,40,REPROVADO POR MÉDIA E POR FALTAS,GRADUAÇÃO,35639,49184,DIM0133,INTRODUÇÃO ÀS TÉCNICAS DE PROGRAMAÇÃO,ANDRE MAURICIO CUNHA CAMPOS,2019.1,True
1007054,a80ef3d24cc1f6d4affc491f3c309522,1,0.0,0.0,False,False,True,64,REPROVADO POR MÉDIA E POR FALTAS,GRADUAÇÃO,35639,49184,DIM0133,INTRODUÇÃO ÀS TÉCNICAS DE PROGRAMAÇÃO,ANDRE MAURICIO CUNHA CAMPOS,2019.1,True
1007055,a80ef3d24cc1f6d4affc491f3c309522,2,0.0,0.0,False,False,True,64,REPROVADO POR MÉDIA E POR FALTAS,GRADUAÇÃO,35639,49184,DIM0133,INTRODUÇÃO ÀS TÉCNICAS DE PROGRAMAÇÃO,ANDRE MAURICIO CUNHA CAMPOS,2019.1,True
1007056,a80ef3d24cc1f6d4affc491f3c309522,3,0.0,0.0,False,False,True,64,REPROVADO POR MÉDIA E POR FALTAS,GRADUAÇÃO,35639,49184,DIM0133,INTRODUÇÃO ÀS TÉCNICAS DE PROGRAMAÇÃO,ANDRE MAURICIO CUNHA CAMPOS,2019.1,True
1007072,517fc3dc768c8a0d1d9e7557f425abc9,1,2.9,2.3,False,False,True,52,REPROVADO POR MÉDIA E POR FALTAS,GRADUAÇÃO,35639,49184,DIM0133,INTRODUÇÃO ÀS TÉCNICAS DE PROGRAMAÇÃO,ANDRE MAURICIO CUNHA CAMPOS,2019.1,True
1007073,517fc3dc768c8a0d1d9e7557f425abc9,3,0.0,2.3,False,False,True,52,REPROVADO POR MÉDIA E POR FALTAS,GRADUAÇÃO,35639,49184,DIM0133,INTRODUÇÃO ÀS TÉCNICAS DE PROGRAMAÇÃO,ANDRE MAURICIO CUNHA CAMPOS,2019.1,True
1007074,517fc3dc768c8a0d1d9e7557f425abc9,2,4.1,2.3,False,False,True,52,REPROVADO POR MÉDIA E POR FALTAS,GRADUAÇÃO,35639,49184,DIM0133,INTRODUÇÃO ÀS TÉCNICAS DE PROGRAMAÇÃO,ANDRE MAURICIO CUNHA CAMPOS,2019.1,True
1007078,d77b331b0085b28681617e2fddb72afc,1,0.0,0.0,False,False,True,68,REPROVADO POR MÉDIA E POR FALTAS,GRADUAÇÃO,35639,49184,DIM0133,INTRODUÇÃO ÀS TÉCNICAS DE PROGRAMAÇÃO,ANDRE MAURICIO CUNHA CAMPOS,2019.1,True
1007079,d77b331b0085b28681617e2fddb72afc,2,0.0,0.0,False,False,True,68,REPROVADO POR MÉDIA E POR FALTAS,GRADUAÇÃO,35639,49184,DIM0133,INTRODUÇÃO ÀS TÉCNICAS DE PROGRAMAÇÃO,ANDRE MAURICIO CUNHA CAMPOS,2019.1,True
1007080,d77b331b0085b28681617e2fddb72afc,3,0.0,0.0,False,False,True,68,REPROVADO POR MÉDIA E POR FALTAS,GRADUAÇÃO,35639,49184,DIM0133,INTRODUÇÃO ÀS TÉCNICAS DE PROGRAMAÇÃO,ANDRE MAURICIO CUNHA CAMPOS,2019.1,True
1123431,e744d270abcdb362532e101b5a2b5a50,1,0.0,0.0,False,False,True,86,REPROVADO POR MÉDIA E POR FALTAS,GRADUAÇÃO,33239,49184,DIM0133,INTRODUÇÃO ÀS TÉCNICAS DE PROGRAMAÇÃO,MARJORY CRISTIANY DA COSTA ABREU,2019.1,True
1123432,e744d270abcdb362532e101b5a2b5a50,2,0.0,0.0,False,False,True,86,REPROVADO POR MÉDIA E POR FALTAS,GRADUAÇÃO,33239,49184,DIM0133,INTRODUÇÃO ÀS TÉCNICAS DE PROGRAMAÇÃO,MARJORY CRISTIANY DA COSTA ABREU,2019.1,True
1123433,e744d270abcdb362532e101b5a2b5a50,3,0.0,0.0,False,False,True,86,REPROVADO POR MÉDIA E POR FALTAS,GRADUAÇÃO,33239,49184,DIM0133,INTRODUÇÃO ÀS TÉCNICAS DE PROGRAMAÇÃO,MARJORY CRISTIANY DA COSTA ABREU,2019.1,True
1123449,f624420224de42ee8ead203860c86c7b,3,0.0,1.3,False,False,True,29,REPROVADO POR MÉDIA E POR FALTAS,GRADUAÇÃO,33239,49184,DIM0133,INTRODUÇÃO ÀS TÉCNICAS DE PROGRAMAÇÃO,MARJORY CRISTIANY DA COSTA ABREU,2019.1,True
1123450,f624420224de42ee8ead203860c86c7b,1,2.0,1.3,False,False,True,29,REPROVADO POR MÉDIA E POR FALTAS,GRADUAÇÃO,33239,49184,DIM0133,INTRODUÇÃO ÀS TÉCNICAS DE PROGRAMAÇÃO,MARJORY CRISTIANY DA COSTA ABREU,2019.1,True
1123451,f624420224de42ee8ead203860c86c7b,2,2.0,1.3,False,False,True,29,REPROVADO POR MÉDIA E POR FALTAS,GRADUAÇÃO,33239,49184,DIM0133,INTRODUÇÃO ÀS TÉCNICAS DE PROGRAMAÇÃO,MARJORY CRISTIANY DA COSTA ABREU,2019.1,True
1123452,216f8248d7280f028f61d7c023241e46,1,4.5,4.0,False,False,True,30,REPROVADO POR MÉDIA E POR FALTAS,GRADUAÇÃO,33239,49184,DIM0133,INTRODUÇÃO ÀS TÉCNICAS DE PROGRAMAÇÃO,MARJORY CRISTIANY DA COSTA ABREU,2019.1,True
1123453,216f8248d7280f028f61d7c023241e46,2,0.0,4.0,False,False,True,30,REPROVADO POR MÉDIA E POR FALTAS,GRADUAÇÃO,33239,49184,DIM0133,INTRODUÇÃO ÀS TÉCNICAS DE PROGRAMAÇÃO,MARJORY CRISTIANY DA COSTA ABREU,2019.1,True
1123454,216f8248d7280f028f61d7c023241e46,3,7.5,4.0,False,False,True,30,REPROVADO POR MÉDIA E POR FALTAS,GRADUAÇÃO,33239,49184,DIM0133,INTRODUÇÃO ÀS TÉCNICAS DE PROGRAMAÇÃO,MARJORY CRISTIANY DA COSTA ABREU,2019.1,True
1123455,e5976989d02dd01d7be21af6dcab12dc,1,0.0,0.0,False,False,True,54,REPROVADO POR MÉDIA E POR FALTAS,GRADUAÇÃO,33239,49184,DIM0133,INTRODUÇÃO ÀS TÉCNICAS DE PROGRAMAÇÃO,MARJORY CRISTIANY DA COSTA ABREU,2019.1,True
1123456,e5976989d02dd01d7be21af6dcab12dc,2,0.0,0.0,False,False,True,54,REPROVADO POR MÉDIA E POR FALTAS,GRADUAÇÃO,33239,49184,DIM0133,INTRODUÇÃO ÀS TÉCNICAS DE PROGRAMAÇÃO,MARJORY CRISTIANY DA COSTA ABREU,2019.1,True
1123457,e5976989d02dd01d7be21af6dcab12dc,3,0.0,0.0,False,False,True,54,REPROVADO POR MÉDIA E POR FALTAS,GRADUAÇÃO,33239,49184,DIM0133,INTRODUÇÃO ÀS TÉCNICAS DE PROGRAMAÇÃO,MARJORY CRISTIANY DA COSTA ABREU,2019.1,True
1123491,d5a5fc5a90ce40187aba5a7aa09ae646,1,1.0,0.3,False,False,True,63,REPROVADO POR MÉDIA E POR FALTAS,GRADUAÇÃO,33239,49184,DIM0133,INTRODUÇÃO ÀS TÉCNICAS DE PROGRAMAÇÃO,MARJORY CRISTIANY DA COSTA ABREU,2019.1,True
1123492,d5a5fc5a90ce40187aba5a7aa09ae646,2,0.0,0.3,False,False,True,63,REPROVADO POR MÉDIA E POR FALTAS,GRADUAÇÃO,33239,49184,DIM0133,INTRODUÇÃO ÀS TÉCNICAS DE PROGRAMAÇÃO,MARJORY CRISTIANY DA COSTA ABREU,2019.1,True
1123493,d5a5fc5a90ce40187aba5a7aa09ae646,3,0.0,0.3,False,False,True,63,REPROVADO POR MÉDIA E POR FALTAS,GRADUAÇÃO,33239,49184,DIM0133,INTRODUÇÃO ÀS TÉCNICAS DE PROGRAMAÇÃO,MARJORY CRISTIANY DA COSTA ABREU,2019.1,True
1123494,7d15e2511bbd67a7063f9e0315a3b097,1,4.5,3.2,False,False,True,39,REPROVADO POR MÉDIA E POR FALTAS,GRADUAÇÃO,33239,49184,DIM0133,INTRODUÇÃO ÀS TÉCNICAS DE PROGRAMAÇÃO,MARJORY CRISTIANY DA COSTA ABREU,2019.1,True
1123495,7d15e2511bbd67a7063f9e0315a3b097,2,5.0,3.2,False,False,True,39,REPROVADO POR MÉDIA E POR FALTAS,GRADUAÇÃO,33239,49184,DIM0133,INTRODUÇÃO ÀS TÉCNICAS DE PROGRAMAÇÃO,MARJORY CRISTIANY DA COSTA ABREU,2019.1,True
1123496,7d15e2511bbd67a7063f9e0315a3b097,3,0.0,3.2,False,False,True,39,REPROVADO POR MÉDIA E POR FALTAS,GRADUAÇÃO,33239,49184,DIM0133,INTRODUÇÃO ÀS TÉCNICAS DE PROGRAMAÇÃO,MARJORY CRISTIANY DA COSTA ABREU,2019.1,True
1123497,3354592c2eb88f56000835e2f4170fb1,1,4.0,1.3,False,False,True,68,REPROVADO POR MÉDIA E POR FALTAS,GRADUAÇÃO,33239,49184,DIM0133,INTRODUÇÃO ÀS TÉCNICAS DE PROGRAMAÇÃO,MARJORY CRISTIANY DA COSTA ABREU,2019.1,True
1123498,3354592c2eb88f56000835e2f4170fb1,2,0.0,1.3,False,False,True,68,REPROVADO POR MÉDIA E POR FALTAS,GRADUAÇÃO,33239,49184,DIM0133,INTRODUÇÃO ÀS TÉCNICAS DE PROGRAMAÇÃO,MARJORY CRISTIANY DA COSTA ABREU,2019.1,True
1123499,3354592c2eb88f56000835e2f4170fb1,3,0.0,1.3,False,False,True,68,REPROVADO POR MÉDIA E POR FALTAS,GRADUAÇÃO,33239,49184,DIM0133,INTRODUÇÃO ÀS TÉCNICAS DE PROGRAMAÇÃO,MARJORY CRISTIANY DA COSTA ABREU,2019.1,True
1123500,1d08ed0f028d6762984fbfa449312f5b,1,4.0,1.3,False,False,True,34,REPROVADO POR MÉDIA E POR FALTAS,GRADUAÇÃO,33239,49184,DIM0133,INTRODUÇÃO ÀS TÉCNICAS DE PROGRAMAÇÃO,MARJORY CRISTIANY DA COSTA ABREU,2019.1,True
1123501,1d08ed0f028d6762984fbfa449312f5b,2,0.0,1.3,False,False,True,34,REPROVADO POR MÉDIA E POR FALTAS,GRADUAÇÃO,33239,49184,DIM0133,INTRODUÇÃO ÀS TÉCNICAS DE PROGRAMAÇÃO,MARJORY CRISTIANY DA COSTA ABREU,2019.1,True
1123502,1d08ed0f028d6762984fbfa449312f5b,3,0.0,1.3,False,False,True,34,REPROVADO POR MÉDIA E POR FALTAS,GRADUAÇÃO,33239,49184,DIM0133,INTRODUÇÃO ÀS TÉCNICAS DE PROGRAMAÇÃO,MARJORY CRISTIANY DA COSTA ABREU,2019.1,True
1123503,6cc67beffe4bb173441cfaa8097f2187,1,0.0,0.5,False,False,True,48,REPROVADO POR MÉDIA E POR FALTAS,GRADUAÇÃO,33239,49184,DIM0133,INTRODUÇÃO ÀS TÉCNICAS DE PROGRAMAÇÃO,MARJORY CRISTIANY DA COSTA ABREU,2019.1,True
1123504,6cc67beffe4bb173441cfaa8097f2187,2,1.5,0.5,False,False,True,48,REPROVADO POR MÉDIA E POR FALTAS,GRADUAÇÃO,33239,49184,DIM0133,INTRODUÇÃO ÀS TÉCNICAS DE PROGRAMAÇÃO,MARJORY CRISTIANY DA COSTA ABREU,2019.1,True
1123505,6cc67beffe4bb173441cfaa8097f2187,3,0.0,0.5,False,False,True,48,REPROVADO POR MÉDIA E POR FALTAS,GRADUAÇÃO,33239,49184,DIM0133,INTRODUÇÃO ÀS TÉCNICAS DE PROGRAMAÇÃO,MARJORY CRISTIANY DA COSTA ABREU,2019.1,True
1123506,c535569e9f1b2aace9da016d1c44c40e,1,0.0,0.2,False,False,True,48,REPROVADO POR MÉDIA E POR FALTAS,GRADUAÇÃO,33239,49184,DIM0133,INTRODUÇÃO ÀS TÉCNICAS DE PROGRAMAÇÃO,MARJORY CRISTIANY DA COSTA ABREU,2019.1,True
1123507,c535569e9f1b2aace9da016d1c44c40e,2,0.5,0.2,False,False,True,48,REPROVADO POR MÉDIA E POR FALTAS,GRADUAÇÃO,33239,49184,DIM0133,INTRODUÇÃO ÀS TÉCNICAS DE PROGRAMAÇÃO,MARJORY CRISTIANY DA COSTA ABREU,2019.1,True
1123508,c535569e9f1b2aace9da016d1c44c40e,3,0.0,0.2,False,False,True,48,REPROVADO POR MÉDIA E POR FALTAS,GRADUAÇÃO,33239,49184,DIM0133,INTRODUÇÃO ÀS TÉCNICAS DE PROGRAMAÇÃO,MARJORY CRISTIANY DA COSTA ABREU,2019.1,True
1123509,f4323699a0e608a13373db308f3c6147,1,4.0,2.2,False,False,True,65,REPROVADO POR MÉDIA E POR FALTAS,GRADUAÇÃO,33239,49184,DIM0133,INTRODUÇÃO ÀS TÉCNICAS DE PROGRAMAÇÃO,MARJORY CRISTIANY DA COSTA ABREU,2019.1,True
1123510,f4323699a0e608a13373db308f3c6147,2,2.5,2.2,False,False,True,65,REPROVADO POR MÉDIA E POR FALTAS,GRADUAÇÃO,33239,49184,DIM0133,INTRODUÇÃO ÀS TÉCNICAS DE PROGRAMAÇÃO,MARJORY CRISTIANY DA COSTA ABREU,2019.1,True
1123511,f4323699a0e608a13373db308f3c6147,3,0.0,2.2,False,False,True,65,REPROVADO POR MÉDIA E POR FALTAS,GRADUAÇÃO,33239,49184,DIM0133,INTRODUÇÃO ÀS TÉCNICAS DE PROGRAMAÇÃO,MARJORY CRISTIANY DA COSTA ABREU,2019.1,True
1274673,0a3c3d9e54387fad0fc7ed3312090ec4,1,3.0,1.1,False,False,True,60,REPROVADO POR MÉDIA E POR FALTAS,GRADUAÇÃO,40048,49184,IMD1012,INTRODUÇÃO ÀS TÉCNICAS DE PROGRAMAÇÃO,ANDRE LUIZ DE SOUZA BRITO,2019.2,True
1274674,0a3c3d9e54387fad0fc7ed3312090ec4,2,0.2,1.1,False,False,True,60,REPROVADO POR MÉDIA E POR FALTAS,GRADUAÇÃO,40048,49184,IMD1012,INTRODUÇÃO ÀS TÉCNICAS DE PROGRAMAÇÃO,ANDRE LUIZ DE SOUZA BRITO,2019.2,True
1274675,0a3c3d9e54387fad0fc7ed3312090ec4,3,0.0,1.1,False,False,True,60,REPROVADO POR MÉDIA E POR FALTAS,GRADUAÇÃO,40048,49184,IMD1012,INTRODUÇÃO ÀS TÉCNICAS DE PROGRAMAÇÃO,ANDRE LUIZ DE SOUZA BRITO,2019.2,True
1274691,750a5bdd1b1e793ed0b7e6471c28ff14,1,4.3,1.6,False,False,True,60,REPROVADO POR MÉDIA E POR FALTAS,GRADUAÇÃO,40048,49184,IMD1012,INTRODUÇÃO ÀS TÉCNICAS DE PROGRAMAÇÃO,ANDRE LUIZ DE SOUZA BRITO,2019.2,True
1274692,750a5bdd1b1e793ed0b7e6471c28ff14,2,0.5,1.6,False,False,True,60,REPROVADO POR MÉDIA E POR FALTAS,GRADUAÇÃO,40048,49184,IMD1012,INTRODUÇÃO ÀS TÉCNICAS DE PROGRAMAÇÃO,ANDRE LUIZ DE SOUZA BRITO,2019.2,True
1274693,750a5bdd1b1e793ed0b7e6471c28ff14,3,0.0,1.6,False,False,True,60,REPROVADO POR MÉDIA E POR FALTAS,GRADUAÇÃO,40048,49184,IMD1012,INTRODUÇÃO ÀS TÉCNICAS DE PROGRAMAÇÃO,ANDRE LUIZ DE SOUZA BRITO,2019.2,True
1274733,e754891647ddc2bebc62007a8196919b,1,5.3,2.9,False,False,True,36,REPROVADO POR MÉDIA E POR FALTAS,GRADUAÇÃO,40048,49184,IMD1012,INTRODUÇÃO ÀS TÉCNICAS DE PROGRAMAÇÃO,ANDRE LUIZ DE SOUZA BRITO,2019.2,True
1274734,e754891647ddc2bebc62007a8196919b,2,2.0,2.9,False,False,True,36,REPROVADO POR MÉDIA E POR FALTAS,GRADUAÇÃO,40048,49184,IMD1012,INTRODUÇÃO ÀS TÉCNICAS DE PROGRAMAÇÃO,ANDRE LUIZ DE SOUZA BRITO,2019.2,True
1274735,e754891647ddc2bebc62007a8196919b,3,1.5,2.9,False,False,True,36,REPROVADO POR MÉDIA E POR FALTAS,GRADUAÇÃO,40048,49184,IMD1012,INTRODUÇÃO ÀS TÉCNICAS DE PROGRAMAÇÃO,ANDRE LUIZ DE SOUZA BRITO,2019.2,True
1274742,27f28cf557e8e9cec4a5c665b95841c6,1,4.6,1.6,False,False,True,44,REPROVADO POR MÉDIA E POR FALTAS,GRADUAÇÃO,40048,49184,IMD1012,INTRODUÇÃO ÀS TÉCNICAS DE PROGRAMAÇÃO,ANDRE LUIZ DE SOUZA BRITO,2019.2,True
1274743,27f28cf557e8e9cec4a5c665b95841c6,2,0.1,1.6,False,False,True,44,REPROVADO POR MÉDIA E POR FALTAS,GRADUAÇÃO,40048,49184,IMD1012,INTRODUÇÃO ÀS TÉCNICAS DE PROGRAMAÇÃO,ANDRE LUIZ DE SOUZA BRITO,2019.2,True
1274744,27f28cf557e8e9cec4a5c665b95841c6,3,0.0,1.6,False,False,True,44,REPROVADO POR MÉDIA E POR FALTAS,GRADUAÇÃO,40048,49184,IMD1012,INTRODUÇÃO ÀS TÉCNICAS DE PROGRAMAÇÃO,ANDRE LUIZ DE SOUZA BRITO,2019.2,True
1366873,a8fdd7d15d9cd6aa89b52bfedd03ef3d,1,0.0,0.0,False,False,True,84,REPROVADO POR MÉDIA E POR FALTAS,GRADUAÇÃO,40050,49184,IMD1012,INTRODUÇÃO ÀS TÉCNICAS DE PROGRAMAÇÃO,JULIO CESAR PAULINO DE MELO,2019.2,True
1366874,a8fdd7d15d9cd6aa89b52bfedd03ef3d,2,0.0,0.0,False,False,True,84,REPROVADO POR MÉDIA E POR FALTAS,GRADUAÇÃO,40050,49184,IMD1012,INTRODUÇÃO ÀS TÉCNICAS DE PROGRAMAÇÃO,JULIO CESAR PAULINO DE MELO,2019.2,True
1366875,a8fdd7d15d9cd6aa89b52bfedd03ef3d,3,0.0,0.0,False,False,True,84,REPROVADO POR MÉDIA E POR FALTAS,GRADUAÇÃO,40050,49184,IMD1012,INTRODUÇÃO ÀS TÉCNICAS DE PROGRAMAÇÃO,JULIO CESAR PAULINO DE MELO,2019.2,True
1366876,5281b7583d673343cea2ac4f92583523,1,0.0,0.0,False,False,True,92,REPROVADO POR MÉDIA E POR FALTAS,GRADUAÇÃO,40050,49184,IMD1012,INTRODUÇÃO ÀS TÉCNICAS DE PROGRAMAÇÃO,JULIO CESAR PAULINO DE MELO,2019.2,True
1366877,5281b7583d673343cea2ac4f92583523,2,0.0,0.0,False,False,True,92,REPROVADO POR MÉDIA E POR FALTAS,GRADUAÇÃO,40050,49184,IMD1012,INTRODUÇÃO ÀS TÉCNICAS DE PROGRAMAÇÃO,JULIO CESAR PAULINO DE MELO,2019.2,True
1366878,5281b7583d673343cea2ac4f92583523,3,0.0,0.0,False,False,True,92,REPROVADO POR MÉDIA E POR FALTAS,GRADUAÇÃO,40050,49184,IMD1012,INTRODUÇÃO ÀS TÉCNICAS DE PROGRAMAÇÃO,JULIO CESAR PAULINO DE MELO,2019.2,True
1366888,5e5841860d17a691cf16ca2b79cabe27,1,3.6,1.7,False,False,True,34,REPROVADO POR MÉDIA E POR FALTAS,GRADUAÇÃO,40050,49184,IMD1012,INTRODUÇÃO ÀS TÉCNICAS DE PROGRAMAÇÃO,JULIO CESAR PAULINO DE MELO,2019.2,True
1366889,5e5841860d17a691cf16ca2b79cabe27,2,1.3,1.7,False,False,True,34,REPROVADO POR MÉDIA E POR FALTAS,GRADUAÇÃO,40050,49184,IMD1012,INTRODUÇÃO ÀS TÉCNICAS DE PROGRAMAÇÃO,JULIO CESAR PAULINO DE MELO,2019.2,True
1366890,5e5841860d17a691cf16ca2b79cabe27,3,0.3,1.7,False,False,True,34,REPROVADO POR MÉDIA E POR FALTAS,GRADUAÇÃO,40050,49184,IMD1012,INTRODUÇÃO ÀS TÉCNICAS DE PROGRAMAÇÃO,JULIO CESAR PAULINO DE MELO,2019.2,True
1366897,70c7d8244c2eb488c1ea524dc45aeee4,1,2.2,2.5,False,False,True,76,REPROVADO POR MÉDIA E POR FALTAS,GRADUAÇÃO,40050,49184,IMD1012,INTRODUÇÃO ÀS TÉCNICAS DE PROGRAMAÇÃO,JULIO CESAR PAULINO DE MELO,2019.2,True
1366898,70c7d8244c2eb488c1ea524dc45aeee4,2,0.0,2.5,False,False,True,76,REPROVADO POR MÉDIA E POR FALTAS,GRADUAÇÃO,40050,49184,IMD1012,INTRODUÇÃO ÀS TÉCNICAS DE PROGRAMAÇÃO,JULIO CESAR PAULINO DE MELO,2019.2,True
1366899,70c7d8244c2eb488c1ea524dc45aeee4,3,5.2,2.5,False,False,True,76,REPROVADO POR MÉDIA E POR FALTAS,GRADUAÇÃO,40050,49184,IMD1012,INTRODUÇÃO ÀS TÉCNICAS DE PROGRAMAÇÃO,JULIO CESAR PAULINO DE MELO,2019.2,True
1366903,d0907434bd2a0bbaf21864487bd117df,1,1.1,1.3,False,False,True,54,REPROVADO POR MÉDIA E POR FALTAS,GRADUAÇÃO,40050,49184,IMD1012,INTRODUÇÃO ÀS TÉCNICAS DE PROGRAMAÇÃO,JULIO CESAR PAULINO DE MELO,2019.2,True
1366904,d0907434bd2a0bbaf21864487bd117df,2,2.7,1.3,False,False,True,54,REPROVADO POR MÉDIA E POR FALTAS,GRADUAÇÃO,40050,49184,IMD1012,INTRODUÇÃO ÀS TÉCNICAS DE PROGRAMAÇÃO,JULIO CESAR PAULINO DE MELO,2019.2,True
1366905,d0907434bd2a0bbaf21864487bd117df,3,0.0,1.3,False,False,True,54,REPROVADO POR MÉDIA E POR FALTAS,GRADUAÇÃO,40050,49184,IMD1012,INTRODUÇÃO ÀS TÉCNICAS DE PROGRAMAÇÃO,JULIO CESAR PAULINO DE MELO,2019.2,True
1366909,bb90fb5c5de450005724a9b7d7029269,1,0.0,1.3,False,False,True,96,REPROVADO POR MÉDIA E POR FALTAS,GRADUAÇÃO,40050,49184,IMD1012,INTRODUÇÃO ÀS TÉCNICAS DE PROGRAMAÇÃO,JULIO CESAR PAULINO DE MELO,2019.2,True
1366910,bb90fb5c5de450005724a9b7d7029269,2,0.0,1.3,False,False,True,96,REPROVADO POR MÉDIA E POR FALTAS,GRADUAÇÃO,40050,49184,IMD1012,INTRODUÇÃO ÀS TÉCNICAS DE PROGRAMAÇÃO,JULIO CESAR PAULINO DE MELO,2019.2,True
1366911,bb90fb5c5de450005724a9b7d7029269,3,3.9,1.3,False,False,True,96,REPROVADO POR MÉDIA E POR FALTAS,GRADUAÇÃO,40050,49184,IMD1012,INTRODUÇÃO ÀS TÉCNICAS DE PROGRAMAÇÃO,JULIO CESAR PAULINO DE MELO,2019.2,True
1366921,c3cfce3a7ceb73ae14c0b6a8c3767d37,1,1.2,1.4,False,False,True,56,REPROVADO POR MÉDIA E POR FALTAS,GRADUAÇÃO,40050,49184,IMD1012,INTRODUÇÃO ÀS TÉCNICAS DE PROGRAMAÇÃO,JULIO CESAR PAULINO DE MELO,2019.2,True
1366922,c3cfce3a7ceb73ae14c0b6a8c3767d37,2,1.7,1.4,False,False,True,56,REPROVADO POR MÉDIA E POR FALTAS,GRADUAÇÃO,40050,49184,IMD1012,INTRODUÇÃO ÀS TÉCNICAS DE PROGRAMAÇÃO,JULIO CESAR PAULINO DE MELO,2019.2,True
1366923,c3cfce3a7ceb73ae14c0b6a8c3767d37,3,1.4,1.4,False,False,True,56,REPROVADO POR MÉDIA E POR FALTAS,GRADUAÇÃO,40050,49184,IMD1012,INTRODUÇÃO ÀS TÉCNICAS DE PROGRAMAÇÃO,JULIO CESAR PAULINO DE MELO,2019.2,True
1366942,7c7812b0566c7cff0eb2eded0b735dec,1,0.0,0.0,False,False,True,80,REPROVADO POR MÉDIA E POR FALTAS,GRADUAÇÃO,40050,49184,IMD1012,INTRODUÇÃO ÀS TÉCNICAS DE PROGRAMAÇÃO,JULIO CESAR PAULINO DE MELO,2019.2,True
1366943,7c7812b0566c7cff0eb2eded0b735dec,2,0.0,0.0,False,False,True,80,REPROVADO POR MÉDIA E POR FALTAS,GRADUAÇÃO,40050,49184,IMD1012,INTRODUÇÃO ÀS TÉCNICAS DE PROGRAMAÇÃO,JULIO CESAR PAULINO DE MELO,2019.2,True
1366944,7c7812b0566c7cff0eb2eded0b735dec,3,0.0,0.0,False,False,True,80,REPROVADO POR MÉDIA E POR FALTAS,GRADUAÇÃO,40050,49184,IMD1012,INTRODUÇÃO ÀS TÉCNICAS DE PROGRAMAÇÃO,JULIO CESAR PAULINO DE MELO,2019.2,True
1534073,85e845adba52e4a8e96dc2ba79cef5f3,1,6.5,2.8,False,False,True,70,REPROVADO POR MÉDIA E POR FALTAS,GRADUAÇÃO,43677,49184,DIM0133,INTRODUÇÃO ÀS TÉCNICAS DE PROGRAMAÇÃO,ANDRE MAURICIO CUNHA CAMPOS,2019.2,True
1534074,85e845adba52e4a8e96dc2ba79cef5f3,2,2.0,2.8,False,False,True,70,REPROVADO POR MÉDIA E POR FALTAS,GRADUAÇÃO,43677,49184,DIM0133,INTRODUÇÃO ÀS TÉCNICAS DE PROGRAMAÇÃO,ANDRE MAURICIO CUNHA CAMPOS,2019.2,True
1534075,85e845adba52e4a8e96dc2ba79cef5f3,3,0.0,2.8,False,False,True,70,REPROVADO POR MÉDIA E POR FALTAS,GRADUAÇÃO,43677,49184,DIM0133,INTRODUÇÃO ÀS TÉCNICAS DE PROGRAMAÇÃO,ANDRE MAURICIO CUNHA CAMPOS,2019.2,True
1534085,8ed5937b8418f0b50eefe7802ecc5f54,1,3.0,2.2,False,False,True,44,REPROVADO POR MÉDIA E POR FALTAS,GRADUAÇÃO,43677,49184,DIM0133,INTRODUÇÃO ÀS TÉCNICAS DE PROGRAMAÇÃO,ANDRE MAURICIO CUNHA CAMPOS,2019.2,True
1534086,8ed5937b8418f0b50eefe7802ecc5f54,2,3.5,2.2,False,False,True,44,REPROVADO POR MÉDIA E POR FALTAS,GRADUAÇÃO,43677,49184,DIM0133,INTRODUÇÃO ÀS TÉCNICAS DE PROGRAMAÇÃO,ANDRE MAURICIO CUNHA CAMPOS,2019.2,True
1534087,8ed5937b8418f0b50eefe7802ecc5f54,3,0.0,2.2,False,False,True,44,REPROVADO POR MÉDIA E POR FALTAS,GRADUAÇÃO,43677,49184,DIM0133,INTRODUÇÃO ÀS TÉCNICAS DE PROGRAMAÇÃO,ANDRE MAURICIO CUNHA CAMPOS,2019.2,True
1534094,6a053b21795c2f5885ffc58ec4dfb76c,1,2.0,0.7,False,False,True,42,REPROVADO POR MÉDIA E POR FALTAS,GRADUAÇÃO,43677,49184,DIM0133,INTRODUÇÃO ÀS TÉCNICAS DE PROGRAMAÇÃO,ANDRE MAURICIO CUNHA CAMPOS,2019.2,True
1534095,6a053b21795c2f5885ffc58ec4dfb76c,2,0.0,0.7,False,False,True,42,REPROVADO POR MÉDIA E POR FALTAS,GRADUAÇÃO,43677,49184,DIM0133,INTRODUÇÃO ÀS TÉCNICAS DE PROGRAMAÇÃO,ANDRE MAURICIO CUNHA CAMPOS,2019.2,True
1534096,6a053b21795c2f5885ffc58ec4dfb76c,3,0.0,0.7,False,False,True,42,REPROVADO POR MÉDIA E POR FALTAS,GRADUAÇÃO,43677,49184,DIM0133,INTRODUÇÃO ÀS TÉCNICAS DE PROGRAMAÇÃO,ANDRE MAURICIO CUNHA CAMPOS,2019.2,True
1534097,9520b6f478e53fb045b12a0b112d4239,1,0.3,0.1,False,False,True,46,REPROVADO POR MÉDIA E POR FALTAS,GRADUAÇÃO,43677,49184,DIM0133,INTRODUÇÃO ÀS TÉCNICAS DE PROGRAMAÇÃO,ANDRE MAURICIO CUNHA CAMPOS,2019.2,True
1534098,9520b6f478e53fb045b12a0b112d4239,2,0.0,0.1,False,False,True,46,REPROVADO POR MÉDIA E POR FALTAS,GRADUAÇÃO,43677,49184,DIM0133,INTRODUÇÃO ÀS TÉCNICAS DE PROGRAMAÇÃO,ANDRE MAURICIO CUNHA CAMPOS,2019.2,True
1534099,9520b6f478e53fb045b12a0b112d4239,3,0.0,0.1,False,False,True,46,REPROVADO POR MÉDIA E POR FALTAS,GRADUAÇÃO,43677,49184,DIM0133,INTRODUÇÃO ÀS TÉCNICAS DE PROGRAMAÇÃO,ANDRE MAURICIO CUNHA CAMPOS,2019.2,True
1534103,d5a5fc5a90ce40187aba5a7aa09ae646,1,0.0,0.0,False,False,True,92,REPROVADO POR MÉDIA E POR FALTAS,GRADUAÇÃO,43677,49184,DIM0133,INTRODUÇÃO ÀS TÉCNICAS DE PROGRAMAÇÃO,ANDRE MAURICIO CUNHA CAMPOS,2019.2,True
1534104,d5a5fc5a90ce40187aba5a7aa09ae646,2,0.0,0.0,False,False,True,92,REPROVADO POR MÉDIA E POR FALTAS,GRADUAÇÃO,43677,49184,DIM0133,INTRODUÇÃO ÀS TÉCNICAS DE PROGRAMAÇÃO,ANDRE MAURICIO CUNHA CAMPOS,2019.2,True
1534105,d5a5fc5a90ce40187aba5a7aa09ae646,3,0.0,0.0,False,False,True,92,REPROVADO POR MÉDIA E POR FALTAS,GRADUAÇÃO,43677,49184,DIM0133,INTRODUÇÃO ÀS TÉCNICAS DE PROGRAMAÇÃO,ANDRE MAURICIO CUNHA CAMPOS,2019.2,True
1534106,719f04e96556c6b13e236d37bbcaab40,1,5.0,1.7,False,False,True,40,REPROVADO POR MÉDIA E POR FALTAS,GRADUAÇÃO,43677,49184,DIM0133,INTRODUÇÃO ÀS TÉCNICAS DE PROGRAMAÇÃO,ANDRE MAURICIO CUNHA CAMPOS,2019.2,True
1534107,719f04e96556c6b13e236d37bbcaab40,2,0.0,1.7,False,False,True,40,REPROVADO POR MÉDIA E POR FALTAS,GRADUAÇÃO,43677,49184,DIM0133,INTRODUÇÃO ÀS TÉCNICAS DE PROGRAMAÇÃO,ANDRE MAURICIO CUNHA CAMPOS,2019.2,True
1534108,719f04e96556c6b13e236d37bbcaab40,3,0.0,1.7,False,False,True,40,REPROVADO POR MÉDIA E POR FALTAS,GRADUAÇÃO,43677,49184,DIM0133,INTRODUÇÃO ÀS TÉCNICAS DE PROGRAMAÇÃO,ANDRE MAURICIO CUNHA CAMPOS,2019.2,True
1559137,34ab9824c20d374d0dfd074ee53d864c,1,1.5,0.5,False,False,True,62,REPROVADO POR MÉDIA E POR FALTAS,GRADUAÇÃO,40049,49184,IMD1012,INTRODUÇÃO ÀS TÉCNICAS DE PROGRAMAÇÃO,ANDRE LUIZ DE SOUZA BRITO,2019.2,True
1559138,34ab9824c20d374d0dfd074ee53d864c,2,0.0,0.5,False,False,True,62,REPROVADO POR MÉDIA E POR FALTAS,GRADUAÇÃO,40049,49184,IMD1012,INTRODUÇÃO ÀS TÉCNICAS DE PROGRAMAÇÃO,ANDRE LUIZ DE SOUZA BRITO,2019.2,True
1559139,34ab9824c20d374d0dfd074ee53d864c,3,0.0,0.5,False,False,True,62,REPROVADO POR MÉDIA E POR FALTAS,GRADUAÇÃO,40049,49184,IMD1012,INTRODUÇÃO ÀS TÉCNICAS DE PROGRAMAÇÃO,ANDRE LUIZ DE SOUZA BRITO,2019.2,True
1559191,8d833e1c8c373d72e0c2454339035ce3,1,1.7,0.8,False,False,True,28,REPROVADO POR MÉDIA E POR FALTAS,GRADUAÇÃO,40049,49184,IMD1012,INTRODUÇÃO ÀS TÉCNICAS DE PROGRAMAÇÃO,ANDRE LUIZ DE SOUZA BRITO,2019.2,True
1559192,8d833e1c8c373d72e0c2454339035ce3,2,0.7,0.8,False,False,True,28,REPROVADO POR MÉDIA E POR FALTAS,GRADUAÇÃO,40049,49184,IMD1012,INTRODUÇÃO ÀS TÉCNICAS DE PROGRAMAÇÃO,ANDRE LUIZ DE SOUZA BRITO,2019.2,True
1559193,8d833e1c8c373d72e0c2454339035ce3,3,0.0,0.8,False,False,True,28,REPROVADO POR MÉDIA E POR FALTAS,GRADUAÇÃO,40049,49184,IMD1012,INTRODUÇÃO ÀS TÉCNICAS DE PROGRAMAÇÃO,ANDRE LUIZ DE SOUZA BRITO,2019.2,True
1559209,94575e582f604610e316726449532f98,1,3.5,1.2,False,False,True,64,REPROVADO POR MÉDIA E POR FALTAS,GRADUAÇÃO,40049,49184,IMD1012,INTRODUÇÃO ÀS TÉCNICAS DE PROGRAMAÇÃO,ANDRE LUIZ DE SOUZA BRITO,2019.2,True
1559210,94575e582f604610e316726449532f98,2,0.2,1.2,False,False,True,64,REPROVADO POR MÉDIA E POR FALTAS,GRADUAÇÃO,40049,49184,IMD1012,INTRODUÇÃO ÀS TÉCNICAS DE PROGRAMAÇÃO,ANDRE LUIZ DE SOUZA BRITO,2019.2,True
1559211,94575e582f604610e316726449532f98,3,0.0,1.2,False,False,True,64,REPROVADO POR MÉDIA E POR FALTAS,GRADUAÇÃO,40049,49184,IMD1012,INTRODUÇÃO ÀS TÉCNICAS DE PROGRAMAÇÃO,ANDRE LUIZ DE SOUZA BRITO,2019.2,True
1559233,1b1dafef53fae96918598f12e333f7fe,1,1.6,1.0,False,False,True,46,REPROVADO POR MÉDIA E POR FALTAS,GRADUAÇÃO,40049,49184,IMD1012,INTRODUÇÃO ÀS TÉCNICAS DE PROGRAMAÇÃO,ANDRE LUIZ DE SOUZA BRITO,2019.2,True
1559234,1b1dafef53fae96918598f12e333f7fe,2,1.3,1.0,False,False,True,46,REPROVADO POR MÉDIA E POR FALTAS,GRADUAÇÃO,40049,49184,IMD1012,INTRODUÇÃO ÀS TÉCNICAS DE PROGRAMAÇÃO,ANDRE LUIZ DE SOUZA BRITO,2019.2,True
1559235,1b1dafef53fae96918598f12e333f7fe,3,0.0,1.0,False,False,True,46,REPROVADO POR MÉDIA E POR FALTAS,GRADUAÇÃO,40049,49184,IMD1012,INTRODUÇÃO ÀS TÉCNICAS DE PROGRAMAÇÃO,ANDRE LUIZ DE SOUZA BRITO,2019.2,True
1559236,ed7ea352befa324d0539e25fa5785348,1,0.0,0.2,False,False,True,54,REPROVADO POR MÉDIA E POR FALTAS,GRADUAÇÃO,40049,49184,IMD1012,INTRODUÇÃO ÀS TÉCNICAS DE PROGRAMAÇÃO,ANDRE LUIZ DE SOUZA BRITO,2019.2,True
1559237,ed7ea352befa324d0539e25fa5785348,2,0.5,0.2,False,False,True,54,REPROVADO POR MÉDIA E POR FALTAS,GRADUAÇÃO,40049,49184,IMD1012,INTRODUÇÃO ÀS TÉCNICAS DE PROGRAMAÇÃO,ANDRE LUIZ DE SOUZA BRITO,2019.2,True
1559238,ed7ea352befa324d0539e25fa5785348,3,0.0,0.2,False,False,True,54,REPROVADO POR MÉDIA E POR FALTAS,GRADUAÇÃO,40049,49184,IMD1012,INTRODUÇÃO ÀS TÉCNICAS DE PROGRAMAÇÃO,ANDRE LUIZ DE SOUZA BRITO,2019.2,True
1731102,a946ec1ac70cf7c33821a61ecb46af4b,1,0.0,0.0,False,False,True,64,REPROVADO POR MÉDIA E POR FALTAS,GRADUAÇÃO,51963,49184,DIM0133,INTRODUÇÃO ÀS TÉCNICAS DE PROGRAMAÇÃO,ANDRE MAURICIO CUNHA CAMPOS,2020.6,True
1731103,a946ec1ac70cf7c33821a61ecb46af4b,2,0.0,0.0,False,False,True,64,REPROVADO POR MÉDIA E POR FALTAS,GRADUAÇÃO,51963,49184,DIM0133,INTRODUÇÃO ÀS TÉCNICAS DE PROGRAMAÇÃO,ANDRE MAURICIO CUNHA CAMPOS,2020.6,True
1731104,a946ec1ac70cf7c33821a61ecb46af4b,3,0.0,0.0,False,False,True,64,REPROVADO POR MÉDIA E POR FALTAS,GRADUAÇÃO,51963,49184,DIM0133,INTRODUÇÃO ÀS TÉCNICAS DE PROGRAMAÇÃO,ANDRE MAURICIO CUNHA CAMPOS,2020.6,True
1731147,e7400073bcdf38de498ba3d84a319209,1,5.8,3.9,False,False,True,26,REPROVADO POR MÉDIA E POR FALTAS,GRADUAÇÃO,51963,49184,DIM0133,INTRODUÇÃO ÀS TÉCNICAS DE PROGRAMAÇÃO,ANDRE MAURICIO CUNHA CAMPOS,2020.6,True
1731148,e7400073bcdf38de498ba3d84a319209,2,5.8,3.9,False,False,True,26,REPROVADO POR MÉDIA E POR FALTAS,GRADUAÇÃO,51963,49184,DIM0133,INTRODUÇÃO ÀS TÉCNICAS DE PROGRAMAÇÃO,ANDRE MAURICIO CUNHA CAMPOS,2020.6,True
1731149,e7400073bcdf38de498ba3d84a319209,3,0.0,3.9,False,False,True,26,REPROVADO POR MÉDIA E POR FALTAS,GRADUAÇÃO,51963,49184,DIM0133,INTRODUÇÃO ÀS TÉCNICAS DE PROGRAMAÇÃO,ANDRE MAURICIO CUNHA CAMPOS,2020.6,True
1731153,3531133f2b45271730e376c9be111840,1,5.8,3.9,False,False,True,28,REPROVADO POR MÉDIA E POR FALTAS,GRADUAÇÃO,51963,31658,DIM0133,INTRODUÇÃO ÀS TÉCNICAS DE PROGRAMAÇÃO,ANDRE MAURICIO CUNHA CAMPOS,2020.6,True
1731154,3531133f2b45271730e376c9be111840,2,5.8,3.9,False,False,True,28,REPROVADO POR MÉDIA E POR FALTAS,GRADUAÇÃO,51963,31658,DIM0133,INTRODUÇÃO ÀS TÉCNICAS DE PROGRAMAÇÃO,ANDRE MAURICIO CUNHA CAMPOS,2020.6,True
1731155,3531133f2b45271730e376c9be111840,3,0.0,3.9,False,False,True,28,REPROVADO POR MÉDIA E POR FALTAS,GRADUAÇÃO,51963,31658,DIM0133,INTRODUÇÃO ÀS TÉCNICAS DE PROGRAMAÇÃO,ANDRE MAURICIO CUNHA CAMPOS,2020.6,True
1731168,4f334bcb2b0283c343aa005fd86d9c31,3,0.0,3.9,False,False,True,36,REPROVADO POR MÉDIA E POR FALTAS,GRADUAÇÃO,51963,49184,DIM0133,INTRODUÇÃO ÀS TÉCNICAS DE PROGRAMAÇÃO,ANDRE MAURICIO CUNHA CAMPOS,2020.6,True
1731169,4f334bcb2b0283c343aa005fd86d9c31,1,5.8,3.9,False,False,True,36,REPROVADO POR MÉDIA E POR FALTAS,GRADUAÇÃO,51963,49184,DIM0133,INTRODUÇÃO ÀS TÉCNICAS DE PROGRAMAÇÃO,ANDRE MAURICIO CUNHA CAMPOS,2020.6,True
1731170,4f334bcb2b0283c343aa005fd86d9c31,2,5.8,3.9,False,False,True,36,REPROVADO POR MÉDIA E POR FALTAS,GRADUAÇÃO,51963,49184,DIM0133,INTRODUÇÃO ÀS TÉCNICAS DE PROGRAMAÇÃO,ANDRE MAURICIO CUNHA CAMPOS,2020.6,True
1732873,dcb7e8a88e947567e4f3fd594423c312,3,0.0,0.0,False,False,True,82,REPROVADO POR MÉDIA E POR FALTAS,GRADUAÇÃO,54613,49184,IMD1012,INTRODUÇÃO ÀS TÉCNICAS DE PROGRAMAÇÃO,RENAN CIPRIANO MOIOLI,2020.6,True
1732874,dcb7e8a88e947567e4f3fd594423c312,3,0.0,0.0,False,False,True,82,REPROVADO POR MÉDIA E POR FALTAS,GRADUAÇÃO,54613,49184,IMD1012,INTRODUÇÃO ÀS TÉCNICAS DE PROGRAMAÇÃO,ANDRE LUIZ DA SILVA SOLINO,2020.6,True
1732875,dcb7e8a88e947567e4f3fd594423c312,1,0.0,0.0,False,False,True,82,REPROVADO POR MÉDIA E POR FALTAS,GRADUAÇÃO,54613,49184,IMD1012,INTRODUÇÃO ÀS TÉCNICAS DE PROGRAMAÇÃO,RENAN CIPRIANO MOIOLI,2020.6,True
1732876,dcb7e8a88e947567e4f3fd594423c312,1,0.0,0.0,False,False,True,82,REPROVADO POR MÉDIA E POR FALTAS,GRADUAÇÃO,54613,49184,IMD1012,INTRODUÇÃO ÀS TÉCNICAS DE PROGRAMAÇÃO,ANDRE LUIZ DA SILVA SOLINO,2020.6,True
1732877,dcb7e8a88e947567e4f3fd594423c312,2,0.0,0.0,False,False,True,82,REPROVADO POR MÉDIA E POR FALTAS,GRADUAÇÃO,54613,49184,IMD1012,INTRODUÇÃO ÀS TÉCNICAS DE PROGRAMAÇÃO,RENAN CIPRIANO MOIOLI,2020.6,True
1732878,dcb7e8a88e947567e4f3fd594423c312,2,0.0,0.0,False,False,True,82,REPROVADO POR MÉDIA E POR FALTAS,GRADUAÇÃO,54613,49184,IMD1012,INTRODUÇÃO ÀS TÉCNICAS DE PROGRAMAÇÃO,ANDRE LUIZ DA SILVA SOLINO,2020.6,True
1732879,8e5bb6a75a0b9227bb461605720baf80,1,0.9,0.6,False,False,True,66,REPROVADO POR MÉDIA E POR FALTAS,GRADUAÇÃO,54613,49184,IMD1012,INTRODUÇÃO ÀS TÉCNICAS DE PROGRAMAÇÃO,RENAN CIPRIANO MOIOLI,2020.6,True
1732880,8e5bb6a75a0b9227bb461605720baf80,1,0.9,0.6,False,False,True,66,REPROVADO POR MÉDIA E POR FALTAS,GRADUAÇÃO,54613,49184,IMD1012,INTRODUÇÃO ÀS TÉCNICAS DE PROGRAMAÇÃO,ANDRE LUIZ DA SILVA SOLINO,2020.6,True
1732881,8e5bb6a75a0b9227bb461605720baf80,3,0.0,0.6,False,False,True,66,REPROVADO POR MÉDIA E POR FALTAS,GRADUAÇÃO,54613,49184,IMD1012,INTRODUÇÃO ÀS TÉCNICAS DE PROGRAMAÇÃO,RENAN CIPRIANO MOIOLI,2020.6,True
1732882,8e5bb6a75a0b9227bb461605720baf80,3,0.0,0.6,False,False,True,66,REPROVADO POR MÉDIA E POR FALTAS,GRADUAÇÃO,54613,49184,IMD1012,INTRODUÇÃO ÀS TÉCNICAS DE PROGRAMAÇÃO,ANDRE LUIZ DA SILVA SOLINO,2020.6,True
1732883,8e5bb6a75a0b9227bb461605720baf80,2,0.9,0.6,False,False,True,66,REPROVADO POR MÉDIA E POR FALTAS,GRADUAÇÃO,54613,49184,IMD1012,INTRODUÇÃO ÀS TÉCNICAS DE PROGRAMAÇÃO,RENAN CIPRIANO MOIOLI,2020.6,True
1732884,8e5bb6a75a0b9227bb461605720baf80,2,0.9,0.6,False,False,True,66,REPROVADO POR MÉDIA E POR FALTAS,GRADUAÇÃO,54613,49184,IMD1012,INTRODUÇÃO ÀS TÉCNICAS DE PROGRAMAÇÃO,ANDRE LUIZ DA SILVA SOLINO,2020.6,True
1732885,c3917d017645bf55e1f0907aa958e583,2,0.9,0.6,False,False,True,68,REPROVADO POR MÉDIA E POR FALTAS,GRADUAÇÃO,54613,49184,IMD1012,INTRODUÇÃO ÀS TÉCNICAS DE PROGRAMAÇÃO,RENAN CIPRIANO MOIOLI,2020.6,True
1732886,c3917d017645bf55e1f0907aa958e583,2,0.9,0.6,False,False,True,68,REPROVADO POR MÉDIA E POR FALTAS,GRADUAÇÃO,54613,49184,IMD1012,INTRODUÇÃO ÀS TÉCNICAS DE PROGRAMAÇÃO,ANDRE LUIZ DA SILVA SOLINO,2020.6,True
1732887,c3917d017645bf55e1f0907aa958e583,3,0.0,0.6,False,False,True,68,REPROVADO POR MÉDIA E POR FALTAS,GRADUAÇÃO,54613,49184,IMD1012,INTRODUÇÃO ÀS TÉCNICAS DE PROGRAMAÇÃO,RENAN CIPRIANO MOIOLI,2020.6,True
1732888,c3917d017645bf55e1f0907aa958e583,3,0.0,0.6,False,False,True,68,REPROVADO POR MÉDIA E POR FALTAS,GRADUAÇÃO,54613,49184,IMD1012,INTRODUÇÃO ÀS TÉCNICAS DE PROGRAMAÇÃO,ANDRE LUIZ DA SILVA SOLINO,2020.6,True
1732889,c3917d017645bf55e1f0907aa958e583,1,0.9,0.6,False,False,True,68,REPROVADO POR MÉDIA E POR FALTAS,GRADUAÇÃO,54613,49184,IMD1012,INTRODUÇÃO ÀS TÉCNICAS DE PROGRAMAÇÃO,RENAN CIPRIANO MOIOLI,2020.6,True
1732890,c3917d017645bf55e1f0907aa958e583,1,0.9,0.6,False,False,True,68,REPROVADO POR MÉDIA E POR FALTAS,GRADUAÇÃO,54613,49184,IMD1012,INTRODUÇÃO ÀS TÉCNICAS DE PROGRAMAÇÃO,ANDRE LUIZ DA SILVA SOLINO,2020.6,True
1732981,42ff8c5d10896c00ad09b8b3780175f7,3,0.0,0.0,False,False,True,90,REPROVADO POR MÉDIA E POR FALTAS,GRADUAÇÃO,54613,49184,IMD1012,INTRODUÇÃO ÀS TÉCNICAS DE PROGRAMAÇÃO,RENAN CIPRIANO MOIOLI,2020.6,True
1732982,42ff8c5d10896c00ad09b8b3780175f7,3,0.0,0.0,False,False,True,90,REPROVADO POR MÉDIA E POR FALTAS,GRADUAÇÃO,54613,49184,IMD1012,INTRODUÇÃO ÀS TÉCNICAS DE PROGRAMAÇÃO,ANDRE LUIZ DA SILVA SOLINO,2020.6,True
1732983,42ff8c5d10896c00ad09b8b3780175f7,1,0.0,0.0,False,False,True,90,REPROVADO POR MÉDIA E POR FALTAS,GRADUAÇÃO,54613,49184,IMD1012,INTRODUÇÃO ÀS TÉCNICAS DE PROGRAMAÇÃO,RENAN CIPRIANO MOIOLI,2020.6,True
1732984,42ff8c5d10896c00ad09b8b3780175f7,1,0.0,0.0,False,False,True,90,REPROVADO POR MÉDIA E POR FALTAS,GRADUAÇÃO,54613,49184,IMD1012,INTRODUÇÃO ÀS TÉCNICAS DE PROGRAMAÇÃO,ANDRE LUIZ DA SILVA SOLINO,2020.6,True
1732985,42ff8c5d10896c00ad09b8b3780175f7,2,0.0,0.0,False,False,True,90,REPROVADO POR MÉDIA E POR FALTAS,GRADUAÇÃO,54613,49184,IMD1012,INTRODUÇÃO ÀS TÉCNICAS DE PROGRAMAÇÃO,RENAN CIPRIANO MOIOLI,2020.6,True
1732986,42ff8c5d10896c00ad09b8b3780175f7,2,0.0,0.0,False,False,True,90,REPROVADO POR MÉDIA E POR FALTAS,GRADUAÇÃO,54613,49184,IMD1012,INTRODUÇÃO ÀS TÉCNICAS DE PROGRAMAÇÃO,ANDRE LUIZ DA SILVA SOLINO,2020.6,True
1732987,eef0783c7ebd8a28d0dfef8008b92414,1,0.6,0.4,False,False,True,76,REPROVADO POR MÉDIA E POR FALTAS,GRADUAÇÃO,54613,49184,IMD1012,INTRODUÇÃO ÀS TÉCNICAS DE PROGRAMAÇÃO,RENAN CIPRIANO MOIOLI,2020.6,True
1732988,eef0783c7ebd8a28d0dfef8008b92414,1,0.6,0.4,False,False,True,76,REPROVADO POR MÉDIA E POR FALTAS,GRADUAÇÃO,54613,49184,IMD1012,INTRODUÇÃO ÀS TÉCNICAS DE PROGRAMAÇÃO,ANDRE LUIZ DA SILVA SOLINO,2020.6,True
1732989,eef0783c7ebd8a28d0dfef8008b92414,2,0.6,0.4,False,False,True,76,REPROVADO POR MÉDIA E POR FALTAS,GRADUAÇÃO,54613,49184,IMD1012,INTRODUÇÃO ÀS TÉCNICAS DE PROGRAMAÇÃO,RENAN CIPRIANO MOIOLI,2020.6,True
1732990,eef0783c7ebd8a28d0dfef8008b92414,2,0.6,0.4,False,False,True,76,REPROVADO POR MÉDIA E POR FALTAS,GRADUAÇÃO,54613,49184,IMD1012,INTRODUÇÃO ÀS TÉCNICAS DE PROGRAMAÇÃO,ANDRE LUIZ DA SILVA SOLINO,2020.6,True
1732991,eef0783c7ebd8a28d0dfef8008b92414,3,0.0,0.4,False,False,True,76,REPROVADO POR MÉDIA E POR FALTAS,GRADUAÇÃO,54613,49184,IMD1012,INTRODUÇÃO ÀS TÉCNICAS DE PROGRAMAÇÃO,RENAN CIPRIANO MOIOLI,2020.6,True
1732992,eef0783c7ebd8a28d0dfef8008b92414,3,0.0,0.4,False,False,True,76,REPROVADO POR MÉDIA E POR FALTAS,GRADUAÇÃO,54613,49184,IMD1012,INTRODUÇÃO ÀS TÉCNICAS DE PROGRAMAÇÃO,ANDRE LUIZ DA SILVA SOLINO,2020.6,True
1733011,db20dff37841397c37fc3ce5c79b023e,3,0.0,0.0,False,False,True,76,REPROVADO POR MÉDIA E POR FALTAS,GRADUAÇÃO,54613,49184,IMD1012,INTRODUÇÃO ÀS TÉCNICAS DE PROGRAMAÇÃO,RENAN CIPRIANO MOIOLI,2020.6,True
1733012,db20dff37841397c37fc3ce5c79b023e,3,0.0,0.0,False,False,True,76,REPROVADO POR MÉDIA E POR FALTAS,GRADUAÇÃO,54613,49184,IMD1012,INTRODUÇÃO ÀS TÉCNICAS DE PROGRAMAÇÃO,ANDRE LUIZ DA SILVA SOLINO,2020.6,True
1733013,db20dff37841397c37fc3ce5c79b023e,1,0.0,0.0,False,False,True,76,REPROVADO POR MÉDIA E POR FALTAS,GRADUAÇÃO,54613,49184,IMD1012,INTRODUÇÃO ÀS TÉCNICAS DE PROGRAMAÇÃO,RENAN CIPRIANO MOIOLI,2020.6,True
1733014,db20dff37841397c37fc3ce5c79b023e,1,0.0,0.0,False,False,True,76,REPROVADO POR MÉDIA E POR FALTAS,GRADUAÇÃO,54613,49184,IMD1012,INTRODUÇÃO ÀS TÉCNICAS DE PROGRAMAÇÃO,ANDRE LUIZ DA SILVA SOLINO,2020.6,True
1733015,db20dff37841397c37fc3ce5c79b023e,2,0.0,0.0,False,False,True,76,REPROVADO POR MÉDIA E POR FALTAS,GRADUAÇÃO,54613,49184,IMD1012,INTRODUÇÃO ÀS TÉCNICAS DE PROGRAMAÇÃO,RENAN CIPRIANO MOIOLI,2020.6,True
1733016,db20dff37841397c37fc3ce5c79b023e,2,0.0,0.0,False,False,True,76,REPROVADO POR MÉDIA E POR FALTAS,GRADUAÇÃO,54613,49184,IMD1012,INTRODUÇÃO ÀS TÉCNICAS DE PROGRAMAÇÃO,ANDRE LUIZ DA SILVA SOLINO,2020.6,True
1733029,10feac90b5915c257889303201a4808d,1,3.1,2.1,False,False,True,52,REPROVADO POR MÉDIA E POR FALTAS,GRADUAÇÃO,54613,49184,IMD1012,INTRODUÇÃO ÀS TÉCNICAS DE PROGRAMAÇÃO,RENAN CIPRIANO MOIOLI,2020.6,True
1733030,10feac90b5915c257889303201a4808d,1,3.1,2.1,False,False,True,52,REPROVADO POR MÉDIA E POR FALTAS,GRADUAÇÃO,54613,49184,IMD1012,INTRODUÇÃO ÀS TÉCNICAS DE PROGRAMAÇÃO,ANDRE LUIZ DA SILVA SOLINO,2020.6,True
1733031,10feac90b5915c257889303201a4808d,2,3.1,2.1,False,False,True,52,REPROVADO POR MÉDIA E POR FALTAS,GRADUAÇÃO,54613,49184,IMD1012,INTRODUÇÃO ÀS TÉCNICAS DE PROGRAMAÇÃO,RENAN CIPRIANO MOIOLI,2020.6,True
1733032,10feac90b5915c257889303201a4808d,2,3.1,2.1,False,False,True,52,REPROVADO POR MÉDIA E POR FALTAS,GRADUAÇÃO,54613,49184,IMD1012,INTRODUÇÃO ÀS TÉCNICAS DE PROGRAMAÇÃO,ANDRE LUIZ DA SILVA SOLINO,2020.6,True
1733033,10feac90b5915c257889303201a4808d,3,0.0,2.1,False,False,True,52,REPROVADO POR MÉDIA E POR FALTAS,GRADUAÇÃO,54613,49184,IMD1012,INTRODUÇÃO ÀS TÉCNICAS DE PROGRAMAÇÃO,RENAN CIPRIANO MOIOLI,2020.6,True
1733034,10feac90b5915c257889303201a4808d,3,0.0,2.1,False,False,True,52,REPROVADO POR MÉDIA E POR FALTAS,GRADUAÇÃO,54613,49184,IMD1012,INTRODUÇÃO ÀS TÉCNICAS DE PROGRAMAÇÃO,ANDRE LUIZ DA SILVA SOLINO,2020.6,True
1733047,034b656ad1ff514ef8ba38602e2d6371,1,0.0,0.0,False,False,True,54,REPROVADO POR MÉDIA E POR FALTAS,GRADUAÇÃO,52461,49184,IMD1012,INTRODUÇÃO ÀS TÉCNICAS DE PROGRAMAÇÃO,JULIO CESAR PAULINO DE MELO,2020.6,True
1733048,034b656ad1ff514ef8ba38602e2d6371,2,0.0,0.0,False,False,True,54,REPROVADO POR MÉDIA E POR FALTAS,GRADUAÇÃO,52461,49184,IMD1012,INTRODUÇÃO ÀS TÉCNICAS DE PROGRAMAÇÃO,JULIO CESAR PAULINO DE MELO,2020.6,True
1733049,034b656ad1ff514ef8ba38602e2d6371,3,0.0,0.0,False,False,True,54,REPROVADO POR MÉDIA E POR FALTAS,GRADUAÇÃO,52461,49184,IMD1012,INTRODUÇÃO ÀS TÉCNICAS DE PROGRAMAÇÃO,JULIO CESAR PAULINO DE MELO,2020.6,True
1733053,a2b8d4b6d8191d5624c14070c501a00f,1,0.0,0.0,False,False,True,78,REPROVADO POR MÉDIA E POR FALTAS,GRADUAÇÃO,52461,49184,IMD1012,INTRODUÇÃO ÀS TÉCNICAS DE PROGRAMAÇÃO,JULIO CESAR PAULINO DE MELO,2020.6,True
1733054,a2b8d4b6d8191d5624c14070c501a00f,2,0.0,0.0,False,False,True,78,REPROVADO POR MÉDIA E POR FALTAS,GRADUAÇÃO,52461,49184,IMD1012,INTRODUÇÃO ÀS TÉCNICAS DE PROGRAMAÇÃO,JULIO CESAR PAULINO DE MELO,2020.6,True
1733055,a2b8d4b6d8191d5624c14070c501a00f,3,0.0,0.0,False,False,True,78,REPROVADO POR MÉDIA E POR FALTAS,GRADUAÇÃO,52461,49184,IMD1012,INTRODUÇÃO ÀS TÉCNICAS DE PROGRAMAÇÃO,JULIO CESAR PAULINO DE MELO,2020.6,True
1733059,9b0be4debc1cbe641d94025dffc006c1,1,0.6,0.4,False,False,True,64,REPROVADO POR MÉDIA E POR FALTAS,GRADUAÇÃO,52461,49184,IMD1012,INTRODUÇÃO ÀS TÉCNICAS DE PROGRAMAÇÃO,JULIO CESAR PAULINO DE MELO,2020.6,True
1733060,9b0be4debc1cbe641d94025dffc006c1,2,0.6,0.4,False,False,True,64,REPROVADO POR MÉDIA E POR FALTAS,GRADUAÇÃO,52461,49184,IMD1012,INTRODUÇÃO ÀS TÉCNICAS DE PROGRAMAÇÃO,JULIO CESAR PAULINO DE MELO,2020.6,True
1733061,9b0be4debc1cbe641d94025dffc006c1,3,0.0,0.4,False,False,True,64,REPROVADO POR MÉDIA E POR FALTAS,GRADUAÇÃO,52461,49184,IMD1012,INTRODUÇÃO ÀS TÉCNICAS DE PROGRAMAÇÃO,JULIO CESAR PAULINO DE MELO,2020.6,True
1733065,d55ab47eda4970a7755e716a2a71e37a,1,3.8,2.6,False,False,True,28,REPROVADO POR MÉDIA E POR FALTAS,GRADUAÇÃO,52461,49184,IMD1012,INTRODUÇÃO ÀS TÉCNICAS DE PROGRAMAÇÃO,JULIO CESAR PAULINO DE MELO,2020.6,True
1733066,d55ab47eda4970a7755e716a2a71e37a,2,4.0,2.6,False,False,True,28,REPROVADO POR MÉDIA E POR FALTAS,GRADUAÇÃO,52461,49184,IMD1012,INTRODUÇÃO ÀS TÉCNICAS DE PROGRAMAÇÃO,JULIO CESAR PAULINO DE MELO,2020.6,True
1733067,d55ab47eda4970a7755e716a2a71e37a,3,0.0,2.6,False,False,True,28,REPROVADO POR MÉDIA E POR FALTAS,GRADUAÇÃO,52461,49184,IMD1012,INTRODUÇÃO ÀS TÉCNICAS DE PROGRAMAÇÃO,JULIO CESAR PAULINO DE MELO,2020.6,True
1733068,bef032b3400558f8fa3b8a5b657b47ca,2,0.0,0.0,False,False,True,66,REPROVADO POR MÉDIA E POR FALTAS,GRADUAÇÃO,52461,49184,IMD1012,INTRODUÇÃO ÀS TÉCNICAS DE PROGRAMAÇÃO,JULIO CESAR PAULINO DE MELO,2020.6,True
1733069,bef032b3400558f8fa3b8a5b657b47ca,3,0.0,0.0,False,False,True,66,REPROVADO POR MÉDIA E POR FALTAS,GRADUAÇÃO,52461,49184,IMD1012,INTRODUÇÃO ÀS TÉCNICAS DE PROGRAMAÇÃO,JULIO CESAR PAULINO DE MELO,2020.6,True
1733070,bef032b3400558f8fa3b8a5b657b47ca,1,0.0,0.0,False,False,True,66,REPROVADO POR MÉDIA E POR FALTAS,GRADUAÇÃO,52461,49184,IMD1012,INTRODUÇÃO ÀS TÉCNICAS DE PROGRAMAÇÃO,JULIO CESAR PAULINO DE MELO,2020.6,True
1733071,c0b296cd2ce25b6fb81981cd22f620b4,1,0.0,0.0,False,False,True,70,REPROVADO POR MÉDIA E POR FALTAS,GRADUAÇÃO,52461,49184,IMD1012,INTRODUÇÃO ÀS TÉCNICAS DE PROGRAMAÇÃO,JULIO CESAR PAULINO DE MELO,2020.6,True
1733072,c0b296cd2ce25b6fb81981cd22f620b4,2,0.0,0.0,False,False,True,70,REPROVADO POR MÉDIA E POR FALTAS,GRADUAÇÃO,52461,49184,IMD1012,INTRODUÇÃO ÀS TÉCNICAS DE PROGRAMAÇÃO,JULIO CESAR PAULINO DE MELO,2020.6,True
1733073,c0b296cd2ce25b6fb81981cd22f620b4,3,0.0,0.0,False,False,True,70,REPROVADO POR MÉDIA E POR FALTAS,GRADUAÇÃO,52461,49184,IMD1012,INTRODUÇÃO ÀS TÉCNICAS DE PROGRAMAÇÃO,JULIO CESAR PAULINO DE MELO,2020.6,True
1733074,2d32e95c3cd21460ad6c63d0ec7596ce,1,0.0,0.0,False,False,True,76,REPROVADO POR MÉDIA E POR FALTAS,GRADUAÇÃO,52461,49184,IMD1012,INTRODUÇÃO ÀS TÉCNICAS DE PROGRAMAÇÃO,JULIO CESAR PAULINO DE MELO,2020.6,True
1733075,2d32e95c3cd21460ad6c63d0ec7596ce,2,0.0,0.0,False,False,True,76,REPROVADO POR MÉDIA E POR FALTAS,GRADUAÇÃO,52461,49184,IMD1012,INTRODUÇÃO ÀS TÉCNICAS DE PROGRAMAÇÃO,JULIO CESAR PAULINO DE MELO,2020.6,True
1733076,2d32e95c3cd21460ad6c63d0ec7596ce,3,0.0,0.0,False,False,True,76,REPROVADO POR MÉDIA E POR FALTAS,GRADUAÇÃO,52461,49184,IMD1012,INTRODUÇÃO ÀS TÉCNICAS DE PROGRAMAÇÃO,JULIO CESAR PAULINO DE MELO,2020.6,True
1733077,5e5841860d17a691cf16ca2b79cabe27,2,3.0,2.0,False,False,True,32,REPROVADO POR MÉDIA E POR FALTAS,GRADUAÇÃO,52461,49184,IMD1012,INTRODUÇÃO ÀS TÉCNICAS DE PROGRAMAÇÃO,JULIO CESAR PAULINO DE MELO,2020.6,True
1733078,5e5841860d17a691cf16ca2b79cabe27,3,0.0,2.0,False,False,True,32,REPROVADO POR MÉDIA E POR FALTAS,GRADUAÇÃO,52461,49184,IMD1012,INTRODUÇÃO ÀS TÉCNICAS DE PROGRAMAÇÃO,JULIO CESAR PAULINO DE MELO,2020.6,True
1733079,5e5841860d17a691cf16ca2b79cabe27,1,3.0,2.0,False,False,True,32,REPROVADO POR MÉDIA E POR FALTAS,GRADUAÇÃO,52461,49184,IMD1012,INTRODUÇÃO ÀS TÉCNICAS DE PROGRAMAÇÃO,JULIO CESAR PAULINO DE MELO,2020.6,True
1733080,b14401de07710617c8204b4f5c651728,2,0.1,0.1,False,False,True,72,REPROVADO POR MÉDIA E POR FALTAS,GRADUAÇÃO,52461,49184,IMD1012,INTRODUÇÃO ÀS TÉCNICAS DE PROGRAMAÇÃO,JULIO CESAR PAULINO DE MELO,2020.6,True
1733081,b14401de07710617c8204b4f5c651728,3,0.0,0.1,False,False,True,72,REPROVADO POR MÉDIA E POR FALTAS,GRADUAÇÃO,52461,49184,IMD1012,INTRODUÇÃO ÀS TÉCNICAS DE PROGRAMAÇÃO,JULIO CESAR PAULINO DE MELO,2020.6,True
1733082,b14401de07710617c8204b4f5c651728,1,0.1,0.1,False,False,True,72,REPROVADO POR MÉDIA E POR FALTAS,GRADUAÇÃO,52461,49184,IMD1012,INTRODUÇÃO ÀS TÉCNICAS DE PROGRAMAÇÃO,JULIO CESAR PAULINO DE MELO,2020.6,True
1733119,909a391a2265287d545ae63e138ae53a,3,0.0,0.0,False,False,True,76,REPROVADO POR MÉDIA E POR FALTAS,GRADUAÇÃO,52461,49184,IMD1012,INTRODUÇÃO ÀS TÉCNICAS DE PROGRAMAÇÃO,JULIO CESAR PAULINO DE MELO,2020.6,True
1733120,909a391a2265287d545ae63e138ae53a,1,0.0,0.0,False,False,True,76,REPROVADO POR MÉDIA E POR FALTAS,GRADUAÇÃO,52461,49184,IMD1012,INTRODUÇÃO ÀS TÉCNICAS DE PROGRAMAÇÃO,JULIO CESAR PAULINO DE MELO,2020.6,True
1733121,909a391a2265287d545ae63e138ae53a,2,0.0,0.0,False,False,True,76,REPROVADO POR MÉDIA E POR FALTAS,GRADUAÇÃO,52461,49184,IMD1012,INTRODUÇÃO ÀS TÉCNICAS DE PROGRAMAÇÃO,JULIO CESAR PAULINO DE MELO,2020.6,True
1733122,4b167e92a06fdc1a8ba2cafe810d8096,1,0.0,0.0,False,False,True,66,REPROVADO POR MÉDIA E POR FALTAS,GRADUAÇÃO,52461,49184,IMD1012,INTRODUÇÃO ÀS TÉCNICAS DE PROGRAMAÇÃO,JULIO CESAR PAULINO DE MELO,2020.6,True
1733123,4b167e92a06fdc1a8ba2cafe810d8096,2,0.0,0.0,False,False,True,66,REPROVADO POR MÉDIA E POR FALTAS,GRADUAÇÃO,52461,49184,IMD1012,INTRODUÇÃO ÀS TÉCNICAS DE PROGRAMAÇÃO,JULIO CESAR PAULINO DE MELO,2020.6,True
1733124,4b167e92a06fdc1a8ba2cafe810d8096,3,0.0,0.0,False,False,True,66,REPROVADO POR MÉDIA E POR FALTAS,GRADUAÇÃO,52461,49184,IMD1012,INTRODUÇÃO ÀS TÉCNICAS DE PROGRAMAÇÃO,JULIO CESAR PAULINO DE MELO,2020.6,True
1733128,caf26eb64a2015ec5169ed0b43afa3da,2,0.2,0.1,False,False,True,32,REPROVADO POR MÉDIA E POR FALTAS,GRADUAÇÃO,52461,49184,IMD1012,INTRODUÇÃO ÀS TÉCNICAS DE PROGRAMAÇÃO,JULIO CESAR PAULINO DE MELO,2020.6,True
1733129,caf26eb64a2015ec5169ed0b43afa3da,3,0.0,0.1,False,False,True,32,REPROVADO POR MÉDIA E POR FALTAS,GRADUAÇÃO,52461,49184,IMD1012,INTRODUÇÃO ÀS TÉCNICAS DE PROGRAMAÇÃO,JULIO CESAR PAULINO DE MELO,2020.6,True
1733130,caf26eb64a2015ec5169ed0b43afa3da,1,0.2,0.1,False,False,True,32,REPROVADO POR MÉDIA E POR FALTAS,GRADUAÇÃO,52461,49184,IMD1012,INTRODUÇÃO ÀS TÉCNICAS DE PROGRAMAÇÃO,JULIO CESAR PAULINO DE MELO,2020.6,True
1733134,70c7d8244c2eb488c1ea524dc45aeee4,1,2.3,1.5,False,False,True,62,REPROVADO POR MÉDIA E POR FALTAS,GRADUAÇÃO,52461,49184,IMD1012,INTRODUÇÃO ÀS TÉCNICAS DE PROGRAMAÇÃO,JULIO CESAR PAULINO DE MELO,2020.6,True
1733135,70c7d8244c2eb488c1ea524dc45aeee4,2,2.3,1.5,False,False,True,62,REPROVADO POR MÉDIA E POR FALTAS,GRADUAÇÃO,52461,49184,IMD1012,INTRODUÇÃO ÀS TÉCNICAS DE PROGRAMAÇÃO,JULIO CESAR PAULINO DE MELO,2020.6,True
1733136,70c7d8244c2eb488c1ea524dc45aeee4,3,0.0,1.5,False,False,True,62,REPROVADO POR MÉDIA E POR FALTAS,GRADUAÇÃO,52461,49184,IMD1012,INTRODUÇÃO ÀS TÉCNICAS DE PROGRAMAÇÃO,JULIO CESAR PAULINO DE MELO,2020.6,True
1733137,5281b7583d673343cea2ac4f92583523,1,0.0,0.0,False,False,True,78,REPROVADO POR MÉDIA E POR FALTAS,GRADUAÇÃO,52461,49184,IMD1012,INTRODUÇÃO ÀS TÉCNICAS DE PROGRAMAÇÃO,JULIO CESAR PAULINO DE MELO,2020.6,True
1733138,5281b7583d673343cea2ac4f92583523,2,0.0,0.0,False,False,True,78,REPROVADO POR MÉDIA E POR FALTAS,GRADUAÇÃO,52461,49184,IMD1012,INTRODUÇÃO ÀS TÉCNICAS DE PROGRAMAÇÃO,JULIO CESAR PAULINO DE MELO,2020.6,True
1733139,5281b7583d673343cea2ac4f92583523,3,0.0,0.0,False,False,True,78,REPROVADO POR MÉDIA E POR FALTAS,GRADUAÇÃO,52461,49184,IMD1012,INTRODUÇÃO ÀS TÉCNICAS DE PROGRAMAÇÃO,JULIO CESAR PAULINO DE MELO,2020.6,True
1733140,998401656d35a95709841aaaac3c0202,1,3.2,2.1,False,False,True,50,REPROVADO POR MÉDIA E POR FALTAS,GRADUAÇÃO,52461,49184,IMD1012,INTRODUÇÃO ÀS TÉCNICAS DE PROGRAMAÇÃO,JULIO CESAR PAULINO DE MELO,2020.6,True
1733141,998401656d35a95709841aaaac3c0202,2,3.2,2.1,False,False,True,50,REPROVADO POR MÉDIA E POR FALTAS,GRADUAÇÃO,52461,49184,IMD1012,INTRODUÇÃO ÀS TÉCNICAS DE PROGRAMAÇÃO,JULIO CESAR PAULINO DE MELO,2020.6,True
1733142,998401656d35a95709841aaaac3c0202,3,0.0,2.1,False,False,True,50,REPROVADO POR MÉDIA E POR FALTAS,GRADUAÇÃO,52461,49184,IMD1012,INTRODUÇÃO ÀS TÉCNICAS DE PROGRAMAÇÃO,JULIO CESAR PAULINO DE MELO,2020.6,True
1733158,9484d52751b1d55509d0b1f9a2b84f6e,1,5.6,3.7,False,False,True,40,REPROVADO POR MÉDIA E POR FALTAS,GRADUAÇÃO,58432,49184,IMD1012,INTRODUÇÃO ÀS TÉCNICAS DE PROGRAMAÇÃO,WELLINGTON SILVA DE SOUZA,2020.6,True
1733159,9484d52751b1d55509d0b1f9a2b84f6e,2,5.6,3.7,False,False,True,40,REPROVADO POR MÉDIA E POR FALTAS,GRADUAÇÃO,58432,49184,IMD1012,INTRODUÇÃO ÀS TÉCNICAS DE PROGRAMAÇÃO,WELLINGTON SILVA DE SOUZA,2020.6,True
1733160,9484d52751b1d55509d0b1f9a2b84f6e,3,0.0,3.7,False,False,True,40,REPROVADO POR MÉDIA E POR FALTAS,GRADUAÇÃO,58432,49184,IMD1012,INTRODUÇÃO ÀS TÉCNICAS DE PROGRAMAÇÃO,WELLINGTON SILVA DE SOUZA,2020.6,True
1733164,59cb7838c615f1a785925b12791b9799,3,0.0,0.0,False,False,True,84,REPROVADO POR MÉDIA E POR FALTAS,GRADUAÇÃO,58432,49184,IMD1012,INTRODUÇÃO ÀS TÉCNICAS DE PROGRAMAÇÃO,WELLINGTON SILVA DE SOUZA,2020.6,True
1733165,59cb7838c615f1a785925b12791b9799,1,0.0,0.0,False,False,True,84,REPROVADO POR MÉDIA E POR FALTAS,GRADUAÇÃO,58432,49184,IMD1012,INTRODUÇÃO ÀS TÉCNICAS DE PROGRAMAÇÃO,WELLINGTON SILVA DE SOUZA,2020.6,True
1733166,59cb7838c615f1a785925b12791b9799,2,0.0,0.0,False,False,True,84,REPROVADO POR MÉDIA E POR FALTAS,GRADUAÇÃO,58432,49184,IMD1012,INTRODUÇÃO ÀS TÉCNICAS DE PROGRAMAÇÃO,WELLINGTON SILVA DE SOUZA,2020.6,True
1733167,ef6e9234e16b2bb793826de2ec8815f2,1,5.2,3.5,False,False,True,60,REPROVADO POR MÉDIA E POR FALTAS,GRADUAÇÃO,58432,49184,IMD1012,INTRODUÇÃO ÀS TÉCNICAS DE PROGRAMAÇÃO,WELLINGTON SILVA DE SOUZA,2020.6,True
1733168,ef6e9234e16b2bb793826de2ec8815f2,2,5.2,3.5,False,False,True,60,REPROVADO POR MÉDIA E POR FALTAS,GRADUAÇÃO,58432,49184,IMD1012,INTRODUÇÃO ÀS TÉCNICAS DE PROGRAMAÇÃO,WELLINGTON SILVA DE SOUZA,2020.6,True
1733169,ef6e9234e16b2bb793826de2ec8815f2,3,0.0,3.5,False,False,True,60,REPROVADO POR MÉDIA E POR FALTAS,GRADUAÇÃO,58432,49184,IMD1012,INTRODUÇÃO ÀS TÉCNICAS DE PROGRAMAÇÃO,WELLINGTON SILVA DE SOUZA,2020.6,True
1733173,b9678233568db74fa5368883d56d935b,2,2.9,1.9,False,False,True,58,REPROVADO POR MÉDIA E POR FALTAS,GRADUAÇÃO,58432,49184,IMD1012,INTRODUÇÃO ÀS TÉCNICAS DE PROGRAMAÇÃO,WELLINGTON SILVA DE SOUZA,2020.6,True
1733174,b9678233568db74fa5368883d56d935b,3,0.0,1.9,False,False,True,58,REPROVADO POR MÉDIA E POR FALTAS,GRADUAÇÃO,58432,49184,IMD1012,INTRODUÇÃO ÀS TÉCNICAS DE PROGRAMAÇÃO,WELLINGTON SILVA DE SOUZA,2020.6,True
1733175,b9678233568db74fa5368883d56d935b,1,2.9,1.9,False,False,True,58,REPROVADO POR MÉDIA E POR FALTAS,GRADUAÇÃO,58432,49184,IMD1012,INTRODUÇÃO ÀS TÉCNICAS DE PROGRAMAÇÃO,WELLINGTON SILVA DE SOUZA,2020.6,True
1733176,76100a0265387a06f43d486ac004366f,2,0.5,0.3,False,False,True,72,REPROVADO POR MÉDIA E POR FALTAS,GRADUAÇÃO,58432,49184,IMD1012,INTRODUÇÃO ÀS TÉCNICAS DE PROGRAMAÇÃO,WELLINGTON SILVA DE SOUZA,2020.6,True
1733177,76100a0265387a06f43d486ac004366f,3,0.0,0.3,False,False,True,72,REPROVADO POR MÉDIA E POR FALTAS,GRADUAÇÃO,58432,49184,IMD1012,INTRODUÇÃO ÀS TÉCNICAS DE PROGRAMAÇÃO,WELLINGTON SILVA DE SOUZA,2020.6,True
1733178,76100a0265387a06f43d486ac004366f,1,0.5,0.3,False,False,True,72,REPROVADO POR MÉDIA E POR FALTAS,GRADUAÇÃO,58432,49184,IMD1012,INTRODUÇÃO ÀS TÉCNICAS DE PROGRAMAÇÃO,WELLINGTON SILVA DE SOUZA,2020.6,True
1733188,a80ef3d24cc1f6d4affc491f3c309522,3,0.0,0.7,False,False,True,74,REPROVADO POR MÉDIA E POR FALTAS,GRADUAÇÃO,58432,49184,IMD1012,INTRODUÇÃO ÀS TÉCNICAS DE PROGRAMAÇÃO,WELLINGTON SILVA DE SOUZA,2020.6,True
1733189,a80ef3d24cc1f6d4affc491f3c309522,2,1.1,0.7,False,False,True,74,REPROVADO POR MÉDIA E POR FALTAS,GRADUAÇÃO,58432,49184,IMD1012,INTRODUÇÃO ÀS TÉCNICAS DE PROGRAMAÇÃO,WELLINGTON SILVA DE SOUZA,2020.6,True
1733190,a80ef3d24cc1f6d4affc491f3c309522,1,1.1,0.7,False,False,True,74,REPROVADO POR MÉDIA E POR FALTAS,GRADUAÇÃO,58432,49184,IMD1012,INTRODUÇÃO ÀS TÉCNICAS DE PROGRAMAÇÃO,WELLINGTON SILVA DE SOUZA,2020.6,True
1733191,8c7d3b562a3e4c900ee781731bfe6a1d,1,0.8,0.5,False,False,True,80,REPROVADO POR MÉDIA E POR FALTAS,GRADUAÇÃO,58432,49184,IMD1012,INTRODUÇÃO ÀS TÉCNICAS DE PROGRAMAÇÃO,WELLINGTON SILVA DE SOUZA,2020.6,True
1733192,8c7d3b562a3e4c900ee781731bfe6a1d,2,0.8,0.5,False,False,True,80,REPROVADO POR MÉDIA E POR FALTAS,GRADUAÇÃO,58432,49184,IMD1012,INTRODUÇÃO ÀS TÉCNICAS DE PROGRAMAÇÃO,WELLINGTON SILVA DE SOUZA,2020.6,True
1733193,8c7d3b562a3e4c900ee781731bfe6a1d,3,0.0,0.5,False,False,True,80,REPROVADO POR MÉDIA E POR FALTAS,GRADUAÇÃO,58432,49184,IMD1012,INTRODUÇÃO ÀS TÉCNICAS DE PROGRAMAÇÃO,WELLINGTON SILVA DE SOUZA,2020.6,True
1733200,af8ddf93e642ce1c52da3b97ce11430c,1,0.0,0.0,False,False,True,84,REPROVADO POR MÉDIA E POR FALTAS,GRADUAÇÃO,58432,49184,IMD1012,INTRODUÇÃO ÀS TÉCNICAS DE PROGRAMAÇÃO,WELLINGTON SILVA DE SOUZA,2020.6,True
1733201,af8ddf93e642ce1c52da3b97ce11430c,2,0.0,0.0,False,False,True,84,REPROVADO POR MÉDIA E POR FALTAS,GRADUAÇÃO,58432,49184,IMD1012,INTRODUÇÃO ÀS TÉCNICAS DE PROGRAMAÇÃO,WELLINGTON SILVA DE SOUZA,2020.6,True
1733202,af8ddf93e642ce1c52da3b97ce11430c,3,0.0,0.0,False,False,True,84,REPROVADO POR MÉDIA E POR FALTAS,GRADUAÇÃO,58432,49184,IMD1012,INTRODUÇÃO ÀS TÉCNICAS DE PROGRAMAÇÃO,WELLINGTON SILVA DE SOUZA,2020.6,True
1733203,ff0c1ca6a2abc13f83147ad34b959687,1,0.0,0.0,False,False,True,84,REPROVADO POR MÉDIA E POR FALTAS,GRADUAÇÃO,58432,49184,IMD1012,INTRODUÇÃO ÀS TÉCNICAS DE PROGRAMAÇÃO,WELLINGTON SILVA DE SOUZA,2020.6,True
1733204,ff0c1ca6a2abc13f83147ad34b959687,2,0.0,0.0,False,False,True,84,REPROVADO POR MÉDIA E POR FALTAS,GRADUAÇÃO,58432,49184,IMD1012,INTRODUÇÃO ÀS TÉCNICAS DE PROGRAMAÇÃO,WELLINGTON SILVA DE SOUZA,2020.6,True
1733205,ff0c1ca6a2abc13f83147ad34b959687,3,0.0,0.0,False,False,True,84,REPROVADO POR MÉDIA E POR FALTAS,GRADUAÇÃO,58432,49184,IMD1012,INTRODUÇÃO ÀS TÉCNICAS DE PROGRAMAÇÃO,WELLINGTON SILVA DE SOUZA,2020.6,True
1733206,a8fdd7d15d9cd6aa89b52bfedd03ef3d,3,0.0,0.5,False,False,True,80,REPROVADO POR MÉDIA E POR FALTAS,GRADUAÇÃO,58432,49184,IMD1012,INTRODUÇÃO ÀS TÉCNICAS DE PROGRAMAÇÃO,WELLINGTON SILVA DE SOUZA,2020.6,True
1733207,a8fdd7d15d9cd6aa89b52bfedd03ef3d,2,0.7,0.5,False,False,True,80,REPROVADO POR MÉDIA E POR FALTAS,GRADUAÇÃO,58432,49184,IMD1012,INTRODUÇÃO ÀS TÉCNICAS DE PROGRAMAÇÃO,WELLINGTON SILVA DE SOUZA,2020.6,True
1733208,a8fdd7d15d9cd6aa89b52bfedd03ef3d,1,0.7,0.5,False,False,True,80,REPROVADO POR MÉDIA E POR FALTAS,GRADUAÇÃO,58432,49184,IMD1012,INTRODUÇÃO ÀS TÉCNICAS DE PROGRAMAÇÃO,WELLINGTON SILVA DE SOUZA,2020.6,True
1733212,6303b8169eedc5765be3c20e98878d92,3,0.0,1.5,False,False,True,60,REPROVADO POR MÉDIA E POR FALTAS,GRADUAÇÃO,58432,49184,IMD1012,INTRODUÇÃO ÀS TÉCNICAS DE PROGRAMAÇÃO,WELLINGTON SILVA DE SOUZA,2020.6,True
1733213,6303b8169eedc5765be3c20e98878d92,1,2.3,1.5,False,False,True,60,REPROVADO POR MÉDIA E POR FALTAS,GRADUAÇÃO,58432,49184,IMD1012,INTRODUÇÃO ÀS TÉCNICAS DE PROGRAMAÇÃO,WELLINGTON SILVA DE SOUZA,2020.6,True
1733214,6303b8169eedc5765be3c20e98878d92,2,2.3,1.5,False,False,True,60,REPROVADO POR MÉDIA E POR FALTAS,GRADUAÇÃO,58432,49184,IMD1012,INTRODUÇÃO ÀS TÉCNICAS DE PROGRAMAÇÃO,WELLINGTON SILVA DE SOUZA,2020.6,True
1733215,14e4ae49e2e7a8edc860014a1ce1e976,1,0.0,0.0,False,False,True,84,REPROVADO POR MÉDIA E POR FALTAS,GRADUAÇÃO,58432,49184,IMD1012,INTRODUÇÃO ÀS TÉCNICAS DE PROGRAMAÇÃO,WELLINGTON SILVA DE SOUZA,2020.6,True
1733216,14e4ae49e2e7a8edc860014a1ce1e976,2,0.0,0.0,False,False,True,84,REPROVADO POR MÉDIA E POR FALTAS,GRADUAÇÃO,58432,49184,IMD1012,INTRODUÇÃO ÀS TÉCNICAS DE PROGRAMAÇÃO,WELLINGTON SILVA DE SOUZA,2020.6,True
1733217,14e4ae49e2e7a8edc860014a1ce1e976,3,0.0,0.0,False,False,True,84,REPROVADO POR MÉDIA E POR FALTAS,GRADUAÇÃO,58432,49184,IMD1012,INTRODUÇÃO ÀS TÉCNICAS DE PROGRAMAÇÃO,WELLINGTON SILVA DE SOUZA,2020.6,True
1733218,cf03b94e2110f67a37098646c68926ce,1,0.0,0.0,False,False,True,70,REPROVADO POR MÉDIA E POR FALTAS,GRADUAÇÃO,58432,49184,IMD1012,INTRODUÇÃO ÀS TÉCNICAS DE PROGRAMAÇÃO,WELLINGTON SILVA DE SOUZA,2020.6,True
1733219,cf03b94e2110f67a37098646c68926ce,2,0.0,0.0,False,False,True,70,REPROVADO POR MÉDIA E POR FALTAS,GRADUAÇÃO,58432,49184,IMD1012,INTRODUÇÃO ÀS TÉCNICAS DE PROGRAMAÇÃO,WELLINGTON SILVA DE SOUZA,2020.6,True
1733220,cf03b94e2110f67a37098646c68926ce,3,0.0,0.0,False,False,True,70,REPROVADO POR MÉDIA E POR FALTAS,GRADUAÇÃO,58432,49184,IMD1012,INTRODUÇÃO ÀS TÉCNICAS DE PROGRAMAÇÃO,WELLINGTON SILVA DE SOUZA,2020.6,True
1733221,70fbf2794c50774bd667207c60e4f71b,3,0.0,0.6,False,False,True,70,REPROVADO POR MÉDIA E POR FALTAS,GRADUAÇÃO,58432,31658,IMD1012,INTRODUÇÃO ÀS TÉCNICAS DE PROGRAMAÇÃO,WELLINGTON SILVA DE SOUZA,2020.6,True
1733222,70fbf2794c50774bd667207c60e4f71b,2,0.9,0.6,False,False,True,70,REPROVADO POR MÉDIA E POR FALTAS,GRADUAÇÃO,58432,31658,IMD1012,INTRODUÇÃO ÀS TÉCNICAS DE PROGRAMAÇÃO,WELLINGTON SILVA DE SOUZA,2020.6,True
1733223,70fbf2794c50774bd667207c60e4f71b,1,0.9,0.6,False,False,True,70,REPROVADO POR MÉDIA E POR FALTAS,GRADUAÇÃO,58432,31658,IMD1012,INTRODUÇÃO ÀS TÉCNICAS DE PROGRAMAÇÃO,WELLINGTON SILVA DE SOUZA,2020.6,True
1733236,6043307418e036ae8e52936a7a0f7a68,1,3.9,4.0,False,False,True,32,REPROVADO POR MÉDIA E POR FALTAS,GRADUAÇÃO,58432,49184,IMD1012,INTRODUÇÃO ÀS TÉCNICAS DE PROGRAMAÇÃO,WELLINGTON SILVA DE SOUZA,2020.6,True
1733237,6043307418e036ae8e52936a7a0f7a68,3,4.1,4.0,False,False,True,32,REPROVADO POR MÉDIA E POR FALTAS,GRADUAÇÃO,58432,49184,IMD1012,INTRODUÇÃO ÀS TÉCNICAS DE PROGRAMAÇÃO,WELLINGTON SILVA DE SOUZA,2020.6,True
1733238,6043307418e036ae8e52936a7a0f7a68,2,3.9,4.0,False,False,True,32,REPROVADO POR MÉDIA E POR FALTAS,GRADUAÇÃO,58432,49184,IMD1012,INTRODUÇÃO ÀS TÉCNICAS DE PROGRAMAÇÃO,WELLINGTON SILVA DE SOUZA,2020.6,True
